Entity,Code,Date,total_distributed
Alabama,,2021-01-12,377025
Alabama,,2021-01-13,378975
Alabama,,2021-01-14,435350
Alabama,,2021-01-15,444650
Alabama,,2021-01-19,444650
Alabama,,2021-01-20,483275
Alabama,,2021-01-21,493125
Alabama,,2021-01-22,519525
Alabama,,2021-01-23,521225
Alabama,,2021-01-24,521225
Alabama,,2021-01-25,521225
Alabama,,2021-01-26,569000
Alabama,,2021-01-27,634000
Alabama,,2021-01-28,655275
Alabama,,2021-01-29,659400
Alabama,,2021-01-30,659400
Alabama,,2021-01-31,659400
Alabama,,2021-02-01,659400
Alabama,,2021-02-02,680550
Alabama,,2021-02-03,765150
Alabama,,2021-02-04,799675
Alabama,,2021-02-05,799875
Alabama,,2021-02-06,804100
Alabama,,2021-02-07,804100
Alabama,,2021-02-08,804100
Alabama,,2021-02-09,823600
Alabama,,2021-02-10,861175
Alabama,,2021-02-11,911875
Alabama,,2021-02-12,936200
Alabama,,2021-02-13,963600
Alabama,,2021-02-14,965550
Alabama,,2021-02-16,1015775
Alabama,,2021-02-17,1032175
Alabama,,2021-02-18,1032175
Alabama,,2021-02-19,1077600
Alabama,,2021-02-20,1078800
Alabama,,2021-02-21,1082100
Alabama,,2021-02-22,1082100
Alabama,,2021-02-23,1084440
Alabama,,2021-02-24,1138650
Alabama,,2021-02-25,1170120
Alabama,,2021-02-26,1380380
Alabama,,2021-02-27,1402180
Alabama,,2021-02-28,1402280
Alabama,,2021-03-01,1402280
Alabama,,2021-03-02,1461320
Alabama,,2021-03-03,1469100
Alabama,,2021-03-04,1530470
Alaska,,2021-01-12,141600
Alaska,,2021-01-13,149475
Alaska,,2021-01-14,150450
Alaska,,2021-01-15,150450
Alaska,,2021-01-19,150450
Alaska,,2021-01-20,150350
Alaska,,2021-01-21,154325
Alaska,,2021-01-22,155500
Alaska,,2021-01-23,155700
Alaska,,2021-01-24,155700
Alaska,,2021-01-25,155700
Alaska,,2021-01-26,162925
Alaska,,2021-01-27,170575
Alaska,,2021-01-28,178075
Alaska,,2021-01-29,192350
Alaska,,2021-01-30,193150
Alaska,,2021-01-31,193150
Alaska,,2021-02-01,193150
Alaska,,2021-02-02,196975
Alaska,,2021-02-03,229975
Alaska,,2021-02-04,240325
Alaska,,2021-02-05,245700
Alaska,,2021-02-06,248500
Alaska,,2021-02-07,248500
Alaska,,2021-02-08,248500
Alaska,,2021-02-09,256900
Alaska,,2021-02-10,260300
Alaska,,2021-02-11,270250
Alaska,,2021-02-12,271350
Alaska,,2021-02-13,271550
Alaska,,2021-02-14,271550
Alaska,,2021-02-16,271550
Alaska,,2021-02-17,271550
Alaska,,2021-02-18,271550
Alaska,,2021-02-19,299935
Alaska,,2021-02-20,299935
Alaska,,2021-02-21,299935
Alaska,,2021-02-22,299935
Alaska,,2021-02-23,304875
Alaska,,2021-02-24,315765
Alaska,,2021-02-25,319265
Alaska,,2021-02-26,332415
Alaska,,2021-02-27,342535
Alaska,,2021-02-28,342535
Alaska,,2021-03-01,342535
Alaska,,2021-03-02,372725
Alaska,,2021-03-03,399225
Alaska,,2021-03-04,409125
American Samoa,ASM,2021-01-12,10650
American Samoa,ASM,2021-01-13,10650
American Samoa,ASM,2021-01-14,10650
American Samoa,ASM,2021-01-15,18450
American Samoa,ASM,2021-01-19,18450
American Samoa,ASM,2021-01-20,18450
American Samoa,ASM,2021-01-21,18450
American Samoa,ASM,2021-01-22,18450
American Samoa,ASM,2021-01-23,18450
American Samoa,ASM,2021-01-24,18450
American Samoa,ASM,2021-01-25,18450
American Samoa,ASM,2021-01-26,18450
American Samoa,ASM,2021-01-27,18450
American Samoa,ASM,2021-01-28,18450
American Samoa,ASM,2021-01-29,18450
American Samoa,ASM,2021-01-30,18450
American Samoa,ASM,2021-01-31,18450
American Samoa,ASM,2021-02-01,18450
American Samoa,ASM,2021-02-02,18450
American Samoa,ASM,2021-02-03,18450
American Samoa,ASM,2021-02-04,29450
American Samoa,ASM,2021-02-05,29450
American Samoa,ASM,2021-02-06,29450
American Samoa,ASM,2021-02-07,29450
American Samoa,ASM,2021-02-08,29450
American Samoa,ASM,2021-02-09,29450
American Samoa,ASM,2021-02-10,29450
American Samoa,ASM,2021-02-11,29450
American Samoa,ASM,2021-02-12,29450
American Samoa,ASM,2021-02-13,29450
American Samoa,ASM,2021-02-14,29450
American Samoa,ASM,2021-02-16,29450
American Samoa,ASM,2021-02-17,29450
American Samoa,ASM,2021-02-18,29450
American Samoa,ASM,2021-02-19,29450
American Samoa,ASM,2021-02-20,29450
American Samoa,ASM,2021-02-21,29450
American Samoa,ASM,2021-02-22,29450
American Samoa,ASM,2021-02-23,29450
American Samoa,ASM,2021-02-24,29450
American Samoa,ASM,2021-02-25,29450
American Samoa,ASM,2021-02-26,29450
American Samoa,ASM,2021-02-27,29450
American Samoa,ASM,2021-02-28,29450
American Samoa,ASM,2021-03-01,29450
American Samoa,ASM,2021-03-02,29450
American Samoa,ASM,2021-03-03,29450
American Samoa,ASM,2021-03-04,38810
Arizona,,2021-01-12,563025
Arizona,,2021-01-13,569525
Arizona,,2021-01-14,570625
Arizona,,2021-01-15,571725
Arizona,,2021-01-19,571725
Arizona,,2021-01-20,752250
Arizona,,2021-01-21,797550
Arizona,,2021-01-22,822050
Arizona,,2021-01-23,829500
Arizona,,2021-01-24,829500
Arizona,,2021-01-25,829500
Arizona,,2021-01-26,837200
Arizona,,2021-01-27,990000
Arizona,,2021-01-28,1011375
Arizona,,2021-01-29,1012275
Arizona,,2021-01-30,1013375
Arizona,,2021-01-31,1013375
Arizona,,2021-02-01,1013375
Arizona,,2021-02-02,1082050
Arizona,,2021-02-03,1181000
Arizona,,2021-02-04,1185700
Arizona,,2021-02-05,1186000
Arizona,,2021-02-06,1186000
Arizona,,2021-02-07,1186000
Arizona,,2021-02-08,1186000
Arizona,,2021-02-09,1265950
Arizona,,2021-02-10,1370175
Arizona,,2021-02-11,1391475
Arizona,,2021-02-12,1393475
Arizona,,2021-02-13,1393475
Arizona,,2021-02-14,1393575
Arizona,,2021-02-16,1396475
Arizona,,2021-02-17,1396475
Arizona,,2021-02-18,1396475
Arizona,,2021-02-19,1679175
Arizona,,2021-02-20,1688255
Arizona,,2021-02-21,1688255
Arizona,,2021-02-22,1688255
Arizona,,2021-02-23,1755635
Arizona,,2021-02-24,1977925
Arizona,,2021-02-25,2064265
Arizona,,2021-02-26,2143135
Arizona,,2021-02-27,2148015
Arizona,,2021-02-28,2148015
Arizona,,2021-03-01,2148015
Arizona,,2021-03-02,2244885
Arizona,,2021-03-03,2392275
Arizona,,2021-03-04,2453985
Arkansas,,2021-01-12,274400
Arkansas,,2021-01-13,297800
Arkansas,,2021-01-14,297800
Arkansas,,2021-01-15,297800
Arkansas,,2021-01-19,297800
Arkansas,,2021-01-20,334825
Arkansas,,2021-01-21,361550
Arkansas,,2021-01-22,362050
Arkansas,,2021-01-23,368650
Arkansas,,2021-01-24,368650
Arkansas,,2021-01-25,368650
Arkansas,,2021-01-26,394775
Arkansas,,2021-01-27,406175
Arkansas,,2021-01-28,453300
Arkansas,,2021-01-29,453500
Arkansas,,2021-01-30,453700
Arkansas,,2021-01-31,453700
Arkansas,,2021-02-01,453700
Arkansas,,2021-02-02,467800
Arkansas,,2021-02-03,499325
Arkansas,,2021-02-04,516925
Arkansas,,2021-02-05,535550
Arkansas,,2021-02-06,540050
Arkansas,,2021-02-07,540050
Arkansas,,2021-02-08,540050
Arkansas,,2021-02-09,580775
Arkansas,,2021-02-10,581875
Arkansas,,2021-02-11,593775
Arkansas,,2021-02-12,629900
Arkansas,,2021-02-13,630700
Arkansas,,2021-02-14,630700
Arkansas,,2021-02-16,631675
Arkansas,,2021-02-17,649225
Arkansas,,2021-02-18,664225
Arkansas,,2021-02-19,691525
Arkansas,,2021-02-20,691525
Arkansas,,2021-02-21,691525
Arkansas,,2021-02-22,691525
Arkansas,,2021-02-23,794230
Arkansas,,2021-02-24,816730
Arkansas,,2021-02-25,826130
Arkansas,,2021-02-26,861230
Arkansas,,2021-02-27,892660
Arkansas,,2021-02-28,892660
Arkansas,,2021-03-01,892660
Arkansas,,2021-03-02,963040
Arkansas,,2021-03-03,964840
Arkansas,,2021-03-04,990640
Bureau of Prisons,,2021-01-12,16050
Bureau of Prisons,,2021-01-13,16050
Bureau of Prisons,,2021-01-14,16450
Bureau of Prisons,,2021-01-15,16750
Bureau of Prisons,,2021-01-19,16750
Bureau of Prisons,,2021-01-20,24750
Bureau of Prisons,,2021-01-21,24750
Bureau of Prisons,,2021-01-22,24750
Bureau of Prisons,,2021-01-23,24750
Bureau of Prisons,,2021-01-24,24750
Bureau of Prisons,,2021-01-25,24750
Bureau of Prisons,,2021-01-26,30050
Bureau of Prisons,,2021-01-27,30050
Bureau of Prisons,,2021-01-28,30050
Bureau of Prisons,,2021-01-29,30050
Bureau of Prisons,,2021-01-30,30050
Bureau of Prisons,,2021-01-31,30050
Bureau of Prisons,,2021-02-01,30050
Bureau of Prisons,,2021-02-02,35950
Bureau of Prisons,,2021-02-03,36450
Bureau of Prisons,,2021-02-04,36650
Bureau of Prisons,,2021-02-05,37050
Bureau of Prisons,,2021-02-06,37050
Bureau of Prisons,,2021-02-07,37050
Bureau of Prisons,,2021-02-08,37050
Bureau of Prisons,,2021-02-09,42475
Bureau of Prisons,,2021-02-10,42475
Bureau of Prisons,,2021-02-11,42475
Bureau of Prisons,,2021-02-12,43775
Bureau of Prisons,,2021-02-13,43775
Bureau of Prisons,,2021-02-14,43775
Bureau of Prisons,,2021-02-16,44750
Bureau of Prisons,,2021-02-17,45725
Bureau of Prisons,,2021-02-18,45725
Bureau of Prisons,,2021-02-19,47675
Bureau of Prisons,,2021-02-20,49175
Bureau of Prisons,,2021-02-21,49175
Bureau of Prisons,,2021-02-22,49175
Bureau of Prisons,,2021-02-23,49475
Bureau of Prisons,,2021-02-24,57155
Bureau of Prisons,,2021-02-25,57155
Bureau of Prisons,,2021-02-26,57155
Bureau of Prisons,,2021-02-27,57155
Bureau of Prisons,,2021-02-28,57155
Bureau of Prisons,,2021-03-01,57155
Bureau of Prisons,,2021-03-02,65335
Bureau of Prisons,,2021-03-03,65335
Bureau of Prisons,,2021-03-04,65335
California,,2021-01-12,3286050
California,,2021-01-13,3435650
California,,2021-01-14,3540175
California,,2021-01-15,3548575
California,,2021-01-19,3548575
California,,2021-01-20,4169450
California,,2021-01-21,4379500
California,,2021-01-22,4714625
California,,2021-01-23,4906525
California,,2021-01-24,4906525
California,,2021-01-25,4906525
California,,2021-01-26,5340275
California,,2021-01-27,5452575
California,,2021-01-28,5547100
California,,2021-01-29,5640225
California,,2021-01-30,5666150
California,,2021-01-31,5666550
California,,2021-02-01,5666550
California,,2021-02-02,5670500
California,,2021-02-03,6343925
California,,2021-02-04,6438225
California,,2021-02-05,6773350
California,,2021-02-06,6963500
California,,2021-02-07,6963500
California,,2021-02-08,6963500
California,,2021-02-09,7385225
California,,2021-02-10,7607100
California,,2021-02-11,7822300
California,,2021-02-12,7963575
California,,2021-02-13,8051475
California,,2021-02-14,8059325
California,,2021-02-16,8250650
California,,2021-02-17,8406525
California,,2021-02-18,8722400
California,,2021-02-19,9164130
California,,2021-02-20,9178020
California,,2021-02-21,9178020
California,,2021-02-22,9178020
California,,2021-02-23,10168620
California,,2021-02-24,10702330
California,,2021-02-25,10956910
California,,2021-02-26,11297300
California,,2021-02-27,11587650
California,,2021-02-28,11587650
California,,2021-03-01,11587650
California,,2021-03-02,12528070
California,,2021-03-03,12776090
California,,2021-03-04,13233190
Colorado,,2021-01-12,516750
Colorado,,2021-01-13,530800
Colorado,,2021-01-14,531775
Colorado,,2021-01-15,531775
Colorado,,2021-01-19,531775
Colorado,,2021-01-20,631400
Colorado,,2021-01-21,657250
Colorado,,2021-01-22,671200
Colorado,,2021-01-23,692700
Colorado,,2021-01-24,692700
Colorado,,2021-01-25,692700
Colorado,,2021-01-26,726450
Colorado,,2021-01-27,775050
Colorado,,2021-01-28,806950
Colorado,,2021-01-29,813400
Colorado,,2021-01-30,813400
Colorado,,2021-01-31,813400
Colorado,,2021-02-01,813400
Colorado,,2021-02-02,871875
Colorado,,2021-02-03,940800
Colorado,,2021-02-04,983225
Colorado,,2021-02-05,989075
Colorado,,2021-02-06,991075
Colorado,,2021-02-07,991075
Colorado,,2021-02-08,991075
Colorado,,2021-02-09,1045000
Colorado,,2021-02-10,1110575
Colorado,,2021-02-11,1162775
Colorado,,2021-02-12,1204800
Colorado,,2021-02-13,1210475
Colorado,,2021-02-14,1210475
Colorado,,2021-02-16,1224575
Colorado,,2021-02-17,1230425
Colorado,,2021-02-18,1282300
Colorado,,2021-02-19,1332775
Colorado,,2021-02-20,1348800
Colorado,,2021-02-21,1348800
Colorado,,2021-02-22,1348800
Colorado,,2021-02-23,1417245
Colorado,,2021-02-24,1512970
Colorado,,2021-02-25,1597960
Colorado,,2021-02-26,1658660
Colorado,,2021-02-27,1700660
Colorado,,2021-02-28,1700660
Colorado,,2021-03-01,1700660
Colorado,,2021-03-02,1747350
Colorado,,2021-03-03,1847780
Colorado,,2021-03-04,1933440
Connecticut,,2021-01-12,250775
Connecticut,,2021-01-13,315025
Connecticut,,2021-01-14,328675
Connecticut,,2021-01-15,328775
Connecticut,,2021-01-19,328775
Connecticut,,2021-01-20,430375
Connecticut,,2021-01-21,435075
Connecticut,,2021-01-22,477250
Connecticut,,2021-01-23,492850
Connecticut,,2021-01-24,492850
Connecticut,,2021-01-25,492850
Connecticut,,2021-01-26,515675
Connecticut,,2021-01-27,543975
Connecticut,,2021-01-28,571775
Connecticut,,2021-01-29,577625
Connecticut,,2021-01-30,578600
Connecticut,,2021-01-31,578600
Connecticut,,2021-02-01,578600
Connecticut,,2021-02-02,574650
Connecticut,,2021-02-03,608600
Connecticut,,2021-02-04,666175
Connecticut,,2021-02-05,668125
Connecticut,,2021-02-06,740300
Connecticut,,2021-02-07,740300
Connecticut,,2021-02-08,740300
Connecticut,,2021-02-09,800225
Connecticut,,2021-02-10,801325
Connecticut,,2021-02-11,812325
Connecticut,,2021-02-12,814525
Connecticut,,2021-02-13,847200
Connecticut,,2021-02-14,854725
Connecticut,,2021-02-16,914075
Connecticut,,2021-02-17,916075
Connecticut,,2021-02-18,922075
Connecticut,,2021-02-19,958925
Connecticut,,2021-02-20,984275
Connecticut,,2021-02-21,984275
Connecticut,,2021-02-22,984275
Connecticut,,2021-02-23,1025755
Connecticut,,2021-02-24,1099225
Connecticut,,2021-02-25,1113035
Connecticut,,2021-02-26,1190995
Connecticut,,2021-02-27,1198495
Connecticut,,2021-02-28,1198495
Connecticut,,2021-03-01,1198495
Connecticut,,2021-03-02,1281935
Connecticut,,2021-03-03,1309225
Connecticut,,2021-03-04,1345595
Delaware,,2021-01-12,88325
Delaware,,2021-01-13,91250
Delaware,,2021-01-14,91250
Delaware,,2021-01-15,91250
Delaware,,2021-01-19,91250
Delaware,,2021-01-20,100375
Delaware,,2021-01-21,106600
Delaware,,2021-01-22,116325
Delaware,,2021-01-23,116325
Delaware,,2021-01-24,116325
Delaware,,2021-01-25,116325
Delaware,,2021-01-26,129250
Delaware,,2021-01-27,140850
Delaware,,2021-01-28,141825
Delaware,,2021-01-29,143775
Delaware,,2021-01-30,143775
Delaware,,2021-01-31,143775
Delaware,,2021-02-01,143775
Delaware,,2021-02-02,143775
Delaware,,2021-02-03,154700
Delaware,,2021-02-04,161525
Delaware,,2021-02-05,161525
Delaware,,2021-02-06,161525
Delaware,,2021-02-07,161525
Delaware,,2021-02-08,161525
Delaware,,2021-02-09,162525
Delaware,,2021-02-10,183250
Delaware,,2021-02-11,182225
Delaware,,2021-02-12,188075
Delaware,,2021-02-13,188075
Delaware,,2021-02-14,188075
Delaware,,2021-02-16,189050
Delaware,,2021-02-17,189050
Delaware,,2021-02-18,189050
Delaware,,2021-02-19,204200
Delaware,,2021-02-20,204200
Delaware,,2021-02-21,204200
Delaware,,2021-02-22,204200
Delaware,,2021-02-23,247115
Delaware,,2021-02-24,274055
Delaware,,2021-02-25,289515
Delaware,,2021-02-26,291715
Delaware,,2021-02-27,291815
Delaware,,2021-02-28,291815
Delaware,,2021-03-01,291815
Delaware,,2021-03-02,323935
Delaware,,2021-03-03,327635
Delaware,,2021-03-04,347965
Dept of Defense,,2021-01-12,376150
Dept of Defense,,2021-01-13,415500
Dept of Defense,,2021-01-14,464775
Dept of Defense,,2021-01-15,507975
Dept of Defense,,2021-01-19,507975
Dept of Defense,,2021-01-20,499400
Dept of Defense,,2021-01-21,574900
Dept of Defense,,2021-01-22,614200
Dept of Defense,,2021-01-23,677025
Dept of Defense,,2021-01-24,677025
Dept of Defense,,2021-01-25,677025
Dept of Defense,,2021-01-26,689425
Dept of Defense,,2021-01-27,769450
Dept of Defense,,2021-01-28,794200
Dept of Defense,,2021-01-29,808800
Dept of Defense,,2021-01-30,816175
Dept of Defense,,2021-01-31,816175
Dept of Defense,,2021-02-01,816175
Dept of Defense,,2021-02-02,807025
Dept of Defense,,2021-02-03,872325
Dept of Defense,,2021-02-04,921400
Dept of Defense,,2021-02-05,940100
Dept of Defense,,2021-02-06,978500
Dept of Defense,,2021-02-07,978500
Dept of Defense,,2021-02-08,978500
Dept of Defense,,2021-02-09,998525
Dept of Defense,,2021-02-10,1012225
Dept of Defense,,2021-02-11,1037725
Dept of Defense,,2021-02-12,1062500
Dept of Defense,,2021-02-13,1080050
Dept of Defense,,2021-02-14,1084925
Dept of Defense,,2021-02-16,1096375
Dept of Defense,,2021-02-17,1102225
Dept of Defense,,2021-02-18,1146200
Dept of Defense,,2021-02-19,1165700
Dept of Defense,,2021-02-20,1181300
Dept of Defense,,2021-02-21,1181300
Dept of Defense,,2021-02-22,1181300
Dept of Defense,,2021-02-23,1208685
Dept of Defense,,2021-02-24,1296965
Dept of Defense,,2021-02-25,1320065
Dept of Defense,,2021-02-26,1414485
Dept of Defense,,2021-02-27,1434935
Dept of Defense,,2021-02-28,1434935
Dept of Defense,,2021-03-01,1434935
Dept of Defense,,2021-03-02,1456635
Dept of Defense,,2021-03-03,1556605
Dept of Defense,,2021-03-04,1628105
District of Columbia,,2021-01-12,62725
District of Columbia,,2021-01-13,68325
District of Columbia,,2021-01-14,68325
District of Columbia,,2021-01-15,68325
District of Columbia,,2021-01-19,68325
District of Columbia,,2021-01-20,75175
District of Columbia,,2021-01-21,75175
District of Columbia,,2021-01-22,90225
District of Columbia,,2021-01-23,91025
District of Columbia,,2021-01-24,91025
District of Columbia,,2021-01-25,91025
District of Columbia,,2021-01-26,97600
District of Columbia,,2021-01-27,107575
District of Columbia,,2021-01-28,144425
District of Columbia,,2021-01-29,148325
District of Columbia,,2021-01-30,148525
District of Columbia,,2021-01-31,148525
District of Columbia,,2021-02-01,148525
District of Columbia,,2021-02-02,147125
District of Columbia,,2021-02-03,159925
District of Columbia,,2021-02-04,164900
District of Columbia,,2021-02-05,166950
District of Columbia,,2021-02-06,166950
District of Columbia,,2021-02-07,166950
District of Columbia,,2021-02-08,166950
District of Columbia,,2021-02-09,166950
District of Columbia,,2021-02-10,179725
District of Columbia,,2021-02-11,193600
District of Columbia,,2021-02-12,193800
District of Columbia,,2021-02-13,193900
District of Columbia,,2021-02-14,193900
District of Columbia,,2021-02-16,193900
District of Columbia,,2021-02-17,193900
District of Columbia,,2021-02-18,193900
District of Columbia,,2021-02-19,225125
District of Columbia,,2021-02-20,225125
District of Columbia,,2021-02-21,225125
District of Columbia,,2021-02-22,225125
District of Columbia,,2021-02-23,249315
District of Columbia,,2021-02-24,269005
District of Columbia,,2021-02-25,272005
District of Columbia,,2021-02-26,280955
District of Columbia,,2021-02-27,284655
District of Columbia,,2021-02-28,284655
District of Columbia,,2021-03-01,284655
District of Columbia,,2021-03-02,296805
District of Columbia,,2021-03-03,310065
District of Columbia,,2021-03-04,324505
Federated States of Micronesia,,2021-01-12,9800
Federated States of Micronesia,,2021-01-13,9800
Federated States of Micronesia,,2021-01-14,9800
Federated States of Micronesia,,2021-01-15,9800
Federated States of Micronesia,,2021-01-19,9800
Federated States of Micronesia,,2021-01-20,9800
Federated States of Micronesia,,2021-01-21,9800
Federated States of Micronesia,,2021-01-22,9800
Federated States of Micronesia,,2021-01-23,13600
Federated States of Micronesia,,2021-01-24,13600
Federated States of Micronesia,,2021-01-25,19400
Federated States of Micronesia,,2021-01-26,19400
Federated States of Micronesia,,2021-01-27,19400
Federated States of Micronesia,,2021-01-28,19400
Federated States of Micronesia,,2021-01-29,19400
Federated States of Micronesia,,2021-01-30,19400
Federated States of Micronesia,,2021-01-31,19400
Federated States of Micronesia,,2021-02-01,19400
Federated States of Micronesia,,2021-02-02,19400
Federated States of Micronesia,,2021-02-03,19400
Federated States of Micronesia,,2021-02-04,21900
Federated States of Micronesia,,2021-02-05,21900
Federated States of Micronesia,,2021-02-06,21900
Federated States of Micronesia,,2021-02-07,21900
Federated States of Micronesia,,2021-02-08,21900
Federated States of Micronesia,,2021-02-09,30000
Federated States of Micronesia,,2021-02-10,30000
Federated States of Micronesia,,2021-02-11,30000
Federated States of Micronesia,,2021-02-12,30000
Federated States of Micronesia,,2021-02-13,30000
Federated States of Micronesia,,2021-02-14,30000
Federated States of Micronesia,,2021-02-16,30000
Federated States of Micronesia,,2021-02-17,30000
Federated States of Micronesia,,2021-02-18,30000
Federated States of Micronesia,,2021-02-19,30000
Federated States of Micronesia,,2021-02-20,30000
Federated States of Micronesia,,2021-02-21,30000
Federated States of Micronesia,,2021-02-22,30000
Federated States of Micronesia,,2021-02-23,30000
Federated States of Micronesia,,2021-02-24,30000
Federated States of Micronesia,,2021-02-25,30000
Federated States of Micronesia,,2021-02-26,30000
Federated States of Micronesia,,2021-02-27,30000
Federated States of Micronesia,,2021-02-28,30000
Federated States of Micronesia,,2021-03-01,30000
Federated States of Micronesia,,2021-03-02,30000
Federated States of Micronesia,,2021-03-03,30000
Federated States of Micronesia,,2021-03-04,34000
Florida,,2021-01-12,1676300
Florida,,2021-01-13,1680200
Florida,,2021-01-14,1970875
Florida,,2021-01-15,2069175
Florida,,2021-01-19,2069175
Florida,,2021-01-20,2545050
Florida,,2021-01-21,2546050
Florida,,2021-01-22,2616250
Florida,,2021-01-23,2908275
Florida,,2021-01-24,2908275
Florida,,2021-01-25,2908275
Florida,,2021-01-26,3095350
Florida,,2021-01-27,3095850
Florida,,2021-01-28,3095850
Florida,,2021-01-29,3220350
Florida,,2021-01-30,3396350
Florida,,2021-01-31,3396350
Florida,,2021-02-01,3396350
Florida,,2021-02-02,3657775
Florida,,2021-02-03,3658975
Florida,,2021-02-04,3658975
Florida,,2021-02-05,3791925
Florida,,2021-02-06,3791925
Florida,,2021-02-07,3791925
Florida,,2021-02-08,3791925
Florida,,2021-02-09,4217275
Florida,,2021-02-10,4258875
Florida,,2021-02-11,4318675
Florida,,2021-02-12,4332100
Florida,,2021-02-13,4441375
Florida,,2021-02-14,4514300
Florida,,2021-02-16,4597575
Florida,,2021-02-17,4699950
Florida,,2021-02-18,4700950
Florida,,2021-02-19,4971575
Florida,,2021-02-20,5120975
Florida,,2021-02-21,5120975
Florida,,2021-02-22,5120975
Florida,,2021-02-23,5483265
Florida,,2021-02-24,5997365
Florida,,2021-02-25,6013185
Florida,,2021-02-26,6083555
Florida,,2021-02-27,6313255
Florida,,2021-02-28,6313355
Florida,,2021-03-01,6313355
Florida,,2021-03-02,6744275
Florida,,2021-03-03,7112075
Florida,,2021-03-04,7200465
Georgia,GEO,2021-01-12,960975
Georgia,GEO,2021-01-13,1003975
Georgia,GEO,2021-01-14,1010900
Georgia,GEO,2021-01-15,1011200
Georgia,GEO,2021-01-19,1011200
Georgia,GEO,2021-01-20,1077375
Georgia,GEO,2021-01-21,1162275
Georgia,GEO,2021-01-22,1235375
Georgia,GEO,2021-01-23,1235775
Georgia,GEO,2021-01-24,1235775
Georgia,GEO,2021-01-25,1235775
Georgia,GEO,2021-01-26,1309850
Georgia,GEO,2021-01-27,1412450
Georgia,GEO,2021-01-28,1441025
Georgia,GEO,2021-01-29,1448825
Georgia,GEO,2021-01-30,1449800
Georgia,GEO,2021-01-31,1449800
Georgia,GEO,2021-02-01,1449800
Georgia,GEO,2021-02-02,1557175
Georgia,GEO,2021-02-03,1638700
Georgia,GEO,2021-02-04,1686125
Georgia,GEO,2021-02-05,1688075
Georgia,GEO,2021-02-06,1688075
Georgia,GEO,2021-02-07,1688075
Georgia,GEO,2021-02-08,1688075
Georgia,GEO,2021-02-09,1840775
Georgia,GEO,2021-02-10,1914800
Georgia,GEO,2021-02-11,2017525
Georgia,GEO,2021-02-12,2017525
Georgia,GEO,2021-02-13,2020275
Georgia,GEO,2021-02-14,2020275
Georgia,GEO,2021-02-16,2130100
Georgia,GEO,2021-02-17,2131775
Georgia,GEO,2021-02-18,2145525
Georgia,GEO,2021-02-19,2286360
Georgia,GEO,2021-02-20,2292085
Georgia,GEO,2021-02-21,2292085
Georgia,GEO,2021-02-22,2292085
Georgia,GEO,2021-02-23,2369305
Georgia,GEO,2021-02-24,2535925
Georgia,GEO,2021-02-25,2645625
Georgia,GEO,2021-02-26,2840015
Georgia,GEO,2021-02-27,2881145
Georgia,GEO,2021-02-28,2881145
Georgia,GEO,2021-03-01,2881145
Georgia,GEO,2021-03-02,3067745
Georgia,GEO,2021-03-03,3155155
Georgia,GEO,2021-03-04,3339265
Guam,GUM,2021-01-12,26500
Guam,GUM,2021-01-13,34300
Guam,GUM,2021-01-14,34300
Guam,GUM,2021-01-15,34300
Guam,GUM,2021-01-19,34300
Guam,GUM,2021-01-20,34300
Guam,GUM,2021-01-21,34300
Guam,GUM,2021-01-22,34300
Guam,GUM,2021-01-23,34300
Guam,GUM,2021-01-24,34300
Guam,GUM,2021-01-25,34300
Guam,GUM,2021-01-26,34300
Guam,GUM,2021-01-27,34300
Guam,GUM,2021-01-28,34300
Guam,GUM,2021-01-29,34300
Guam,GUM,2021-01-30,34300
Guam,GUM,2021-01-31,34300
Guam,GUM,2021-02-01,34300
Guam,GUM,2021-02-02,43500
Guam,GUM,2021-02-03,43500
Guam,GUM,2021-02-04,51300
Guam,GUM,2021-02-05,51300
Guam,GUM,2021-02-06,51300
Guam,GUM,2021-02-07,51300
Guam,GUM,2021-02-08,51300
Guam,GUM,2021-02-09,51300
Guam,GUM,2021-02-10,51300
Guam,GUM,2021-02-11,51300
Guam,GUM,2021-02-12,51300
Guam,GUM,2021-02-13,51300
Guam,GUM,2021-02-14,51300
Guam,GUM,2021-02-16,51300
Guam,GUM,2021-02-17,51300
Guam,GUM,2021-02-18,51300
Guam,GUM,2021-02-19,51300
Guam,GUM,2021-02-20,51300
Guam,GUM,2021-02-21,51300
Guam,GUM,2021-02-22,51300
Guam,GUM,2021-02-23,51300
Guam,GUM,2021-02-24,51300
Guam,GUM,2021-02-25,51300
Guam,GUM,2021-02-26,51300
Guam,GUM,2021-02-27,51300
Guam,GUM,2021-02-28,51300
Guam,GUM,2021-03-01,51300
Guam,GUM,2021-03-02,65500
Guam,GUM,2021-03-03,86560
Guam,GUM,2021-03-04,86560
Hawaii,,2021-01-12,141750
Hawaii,,2021-01-13,154150
Hawaii,,2021-01-14,154150
Hawaii,,2021-01-15,154150
Hawaii,,2021-01-19,154150
Hawaii,,2021-01-20,154150
Hawaii,,2021-01-21,189675
Hawaii,,2021-01-22,191375
Hawaii,,2021-01-23,191575
Hawaii,,2021-01-24,191575
Hawaii,,2021-01-25,191575
Hawaii,,2021-01-26,210425
Hawaii,,2021-01-27,217425
Hawaii,,2021-01-28,226700
Hawaii,,2021-01-29,226800
Hawaii,,2021-01-30,227400
Hawaii,,2021-01-31,227400
Hawaii,,2021-02-01,227400
Hawaii,,2021-02-02,246550
Hawaii,,2021-02-03,253150
Hawaii,,2021-02-04,262900
Hawaii,,2021-02-05,262900
Hawaii,,2021-02-06,263000
Hawaii,,2021-02-07,263000
Hawaii,,2021-02-08,263000
Hawaii,,2021-02-09,285950
Hawaii,,2021-02-10,296250
Hawaii,,2021-02-11,308300
Hawaii,,2021-02-12,310200
Hawaii,,2021-02-13,310400
Hawaii,,2021-02-14,310600
Hawaii,,2021-02-16,311200
Hawaii,,2021-02-17,320950
Hawaii,,2021-02-18,320950
Hawaii,,2021-02-19,397750
Hawaii,,2021-02-20,397750
Hawaii,,2021-02-21,397750
Hawaii,,2021-02-22,397750
Hawaii,,2021-02-23,449460
Hawaii,,2021-02-24,459350
Hawaii,,2021-02-25,477450
Hawaii,,2021-02-26,494020
Hawaii,,2021-02-27,497760
Hawaii,,2021-02-28,497760
Hawaii,,2021-03-01,497760
Hawaii,,2021-03-02,536520
Hawaii,,2021-03-03,557040
Hawaii,,2021-03-04,571340
Idaho,,2021-01-12,146750
Idaho,,2021-01-13,158125
Idaho,,2021-01-14,160075
Idaho,,2021-01-15,160075
Idaho,,2021-01-19,160075
Idaho,,2021-01-20,166850
Idaho,,2021-01-21,178175
Idaho,,2021-01-22,181100
Idaho,,2021-01-23,181100
Idaho,,2021-01-24,181100
Idaho,,2021-01-25,181100
Idaho,,2021-01-26,184025
Idaho,,2021-01-27,203225
Idaho,,2021-01-28,210750
Idaho,,2021-01-29,221550
Idaho,,2021-01-30,221550
Idaho,,2021-01-31,221550
Idaho,,2021-02-01,221550
Idaho,,2021-02-02,216975
Idaho,,2021-02-03,245925
Idaho,,2021-02-04,262275
Idaho,,2021-02-05,262275
Idaho,,2021-02-06,266475
Idaho,,2021-02-07,266475
Idaho,,2021-02-08,266475
Idaho,,2021-02-09,282075
Idaho,,2021-02-10,310025
Idaho,,2021-02-11,319825
Idaho,,2021-02-12,320800
Idaho,,2021-02-13,328600
Idaho,,2021-02-14,329575
Idaho,,2021-02-16,333575
Idaho,,2021-02-17,334550
Idaho,,2021-02-18,336650
Idaho,,2021-02-19,357200
Idaho,,2021-02-20,358200
Idaho,,2021-02-21,358200
Idaho,,2021-02-22,358200
Idaho,,2021-02-23,388815
Idaho,,2021-02-24,422185
Idaho,,2021-02-25,432185
Idaho,,2021-02-26,459355
Idaho,,2021-02-27,485195
Idaho,,2021-02-28,485195
Idaho,,2021-03-01,485195
Idaho,,2021-03-02,517115
Idaho,,2021-03-03,525115
Idaho,,2021-03-04,546405
Illinois,,2021-01-12,903100
Illinois,,2021-01-13,920225
Illinois,,2021-01-14,958125
Illinois,,2021-01-15,1011225
Illinois,,2021-01-19,1011225
Illinois,,2021-01-20,1094000
Illinois,,2021-01-21,1173325
Illinois,,2021-01-22,1209300
Illinois,,2021-01-23,1417250
Illinois,,2021-01-24,1417250
Illinois,,2021-01-25,1417250
Illinois,,2021-01-26,1548950
Illinois,,2021-01-27,1591000
Illinois,,2021-01-28,1631775
Illinois,,2021-01-29,1658725
Illinois,,2021-01-30,1696575
Illinois,,2021-01-31,1696575
Illinois,,2021-02-01,1696575
Illinois,,2021-02-02,1859850
Illinois,,2021-02-03,1986725
Illinois,,2021-02-04,2053325
Illinois,,2021-02-05,2089050
Illinois,,2021-02-06,2089050
Illinois,,2021-02-07,2089050
Illinois,,2021-02-08,2089050
Illinois,,2021-02-09,2207200
Illinois,,2021-02-10,2327100
Illinois,,2021-02-11,2455500
Illinois,,2021-02-12,2481075
Illinois,,2021-02-13,2561800
Illinois,,2021-02-14,2566675
Illinois,,2021-02-16,2661550
Illinois,,2021-02-17,2694700
Illinois,,2021-02-18,2706400
Illinois,,2021-02-19,2883925
Illinois,,2021-02-20,2924725
Illinois,,2021-02-21,2924925
Illinois,,2021-02-22,2924925
Illinois,,2021-02-23,3005345
Illinois,,2021-02-24,3327065
Illinois,,2021-02-25,3499685
Illinois,,2021-02-26,3557335
Illinois,,2021-02-27,3575135
Illinois,,2021-02-28,3575135
Illinois,,2021-03-01,3575135
Illinois,,2021-03-02,3722705
Illinois,,2021-03-03,3925545
Illinois,,2021-03-04,4093855
Indian Health Svc,,2021-01-12,224425
Indian Health Svc,,2021-01-13,290900
Indian Health Svc,,2021-01-14,291800
Indian Health Svc,,2021-01-15,292700
Indian Health Svc,,2021-01-19,292700
Indian Health Svc,,2021-01-20,315325
Indian Health Svc,,2021-01-21,323600
Indian Health Svc,,2021-01-22,355475
Indian Health Svc,,2021-01-23,357850
Indian Health Svc,,2021-01-24,357850
Indian Health Svc,,2021-01-25,357850
Indian Health Svc,,2021-01-26,357950
Indian Health Svc,,2021-01-27,386400
Indian Health Svc,,2021-01-28,406525
Indian Health Svc,,2021-01-29,423400
Indian Health Svc,,2021-01-30,423600
Indian Health Svc,,2021-01-31,423600
Indian Health Svc,,2021-02-01,423600
Indian Health Svc,,2021-02-02,440900
Indian Health Svc,,2021-02-03,461000
Indian Health Svc,,2021-02-04,477275
Indian Health Svc,,2021-02-05,492875
Indian Health Svc,,2021-02-06,492875
Indian Health Svc,,2021-02-07,492875
Indian Health Svc,,2021-02-08,492875
Indian Health Svc,,2021-02-09,492875
Indian Health Svc,,2021-02-10,662850
Indian Health Svc,,2021-02-11,679350
Indian Health Svc,,2021-02-12,679950
Indian Health Svc,,2021-02-13,691650
Indian Health Svc,,2021-02-14,695550
Indian Health Svc,,2021-02-16,697025
Indian Health Svc,,2021-02-17,697025
Indian Health Svc,,2021-02-18,698000
Indian Health Svc,,2021-02-19,704825
Indian Health Svc,,2021-02-20,732905
Indian Health Svc,,2021-02-21,732905
Indian Health Svc,,2021-02-22,732905
Indian Health Svc,,2021-02-23,748780
Indian Health Svc,,2021-02-24,826090
Indian Health Svc,,2021-02-25,826090
Indian Health Svc,,2021-02-26,848190
Indian Health Svc,,2021-02-27,868080
Indian Health Svc,,2021-02-28,868080
Indian Health Svc,,2021-03-01,868080
Indian Health Svc,,2021-03-02,868080
Indian Health Svc,,2021-03-03,948600
Indian Health Svc,,2021-03-04,1102700
Indiana,,2021-01-12,540475
Indiana,,2021-01-13,579050
Indiana,,2021-01-14,630025
Indiana,,2021-01-15,642425
Indiana,,2021-01-19,642425
Indiana,,2021-01-20,741025
Indiana,,2021-01-21,816025
Indiana,,2021-01-22,839925
Indiana,,2021-01-23,841725
Indiana,,2021-01-24,841725
Indiana,,2021-01-25,841725
Indiana,,2021-01-26,900175
Indiana,,2021-01-27,920975
Indiana,,2021-01-28,925300
Indiana,,2021-01-29,929900
Indiana,,2021-01-30,931500
Indiana,,2021-01-31,931500
Indiana,,2021-02-01,931500
Indiana,,2021-02-02,1091375
Indiana,,2021-02-03,1106550
Indiana,,2021-02-04,1116375
Indiana,,2021-02-05,1117350
Indiana,,2021-02-06,1118350
Indiana,,2021-02-07,1118350
Indiana,,2021-02-08,1118350
Indiana,,2021-02-09,1206125
Indiana,,2021-02-10,1291675
Indiana,,2021-02-11,1351325
Indiana,,2021-02-12,1360125
Indiana,,2021-02-13,1387975
Indiana,,2021-02-14,1388375
Indiana,,2021-02-16,1445100
Indiana,,2021-02-17,1447050
Indiana,,2021-02-18,1452900
Indiana,,2021-02-19,1487400
Indiana,,2021-02-20,1487400
Indiana,,2021-02-21,1487400
Indiana,,2021-02-22,1487400
Indiana,,2021-02-23,1704790
Indiana,,2021-02-24,1734580
Indiana,,2021-02-25,1810380
Indiana,,2021-02-26,1832150
Indiana,,2021-02-27,1848620
Indiana,,2021-02-28,1848620
Indiana,,2021-03-01,1848620
Indiana,,2021-03-02,2053030
Indiana,,2021-03-03,2083930
Indiana,,2021-03-04,2132730
Iowa,,2021-01-12,208875
Iowa,,2021-01-13,264125
Iowa,,2021-01-14,268025
Iowa,,2021-01-15,269000
Iowa,,2021-01-19,269000
Iowa,,2021-01-20,291075
Iowa,,2021-01-21,328600
Iowa,,2021-01-22,338950
Iowa,,2021-01-23,361475
Iowa,,2021-01-24,361475
Iowa,,2021-01-25,361475
Iowa,,2021-01-26,361575
Iowa,,2021-01-27,362875
Iowa,,2021-01-28,391575
Iowa,,2021-01-29,398600
Iowa,,2021-01-30,417900
Iowa,,2021-01-31,417900
Iowa,,2021-02-01,417900
Iowa,,2021-02-02,415325
Iowa,,2021-02-03,446825
Iowa,,2021-02-04,471200
Iowa,,2021-02-05,507850
Iowa,,2021-02-06,510550
Iowa,,2021-02-07,510550
Iowa,,2021-02-08,510550
Iowa,,2021-02-09,510550
Iowa,,2021-02-10,540375
Iowa,,2021-02-11,579200
Iowa,,2021-02-12,590900
Iowa,,2021-02-13,595775
Iowa,,2021-02-14,597725
Iowa,,2021-02-16,615100
Iowa,,2021-02-17,619000
Iowa,,2021-02-18,648600
Iowa,,2021-02-19,669900
Iowa,,2021-02-20,707865
Iowa,,2021-02-21,707865
Iowa,,2021-02-22,707865
Iowa,,2021-02-23,746475
Iowa,,2021-02-24,792615
Iowa,,2021-02-25,837515
Iowa,,2021-02-26,872345
Iowa,,2021-02-27,901745
Iowa,,2021-02-28,901745
Iowa,,2021-03-01,901745
Iowa,,2021-03-02,940045
Iowa,,2021-03-03,983345
Iowa,,2021-03-04,1020845
Kansas,,2021-01-12,193175
Kansas,,2021-01-13,261175
Kansas,,2021-01-14,263175
Kansas,,2021-01-15,263175
Kansas,,2021-01-19,263175
Kansas,,2021-01-20,265600
Kansas,,2021-01-21,312000
Kansas,,2021-01-22,336475
Kansas,,2021-01-23,348175
Kansas,,2021-01-24,348175
Kansas,,2021-01-25,348175
Kansas,,2021-01-26,348175
Kansas,,2021-01-27,392875
Kansas,,2021-01-28,405550
Kansas,,2021-01-29,412375
Kansas,,2021-01-30,413350
Kansas,,2021-01-31,413350
Kansas,,2021-02-01,413350
Kansas,,2021-02-02,413350
Kansas,,2021-02-03,470800
Kansas,,2021-02-04,471775
Kansas,,2021-02-05,492250
Kansas,,2021-02-06,492250
Kansas,,2021-02-07,492250
Kansas,,2021-02-08,492250
Kansas,,2021-02-09,492250
Kansas,,2021-02-10,553750
Kansas,,2021-02-11,564000
Kansas,,2021-02-12,581975
Kansas,,2021-02-13,581975
Kansas,,2021-02-14,581975
Kansas,,2021-02-16,581975
Kansas,,2021-02-17,581975
Kansas,,2021-02-18,581975
Kansas,,2021-02-19,624975
Kansas,,2021-02-20,645800
Kansas,,2021-02-21,645800
Kansas,,2021-02-22,645800
Kansas,,2021-02-23,699895
Kansas,,2021-02-24,754495
Kansas,,2021-02-25,839575
Kansas,,2021-02-26,861645
Kansas,,2021-02-27,867585
Kansas,,2021-02-28,867585
Kansas,,2021-03-01,867585
Kansas,,2021-03-02,868885
Kansas,,2021-03-03,1004065
Kansas,,2021-03-04,1044425
Kentucky,,2021-01-12,329450
Kentucky,,2021-01-13,329450
Kentucky,,2021-01-14,332375
Kentucky,,2021-01-15,337450
Kentucky,,2021-01-19,337450
Kentucky,,2021-01-20,444325
Kentucky,,2021-01-21,450175
Kentucky,,2021-01-22,466700
Kentucky,,2021-01-23,471000
Kentucky,,2021-01-24,471000
Kentucky,,2021-01-25,471000
Kentucky,,2021-01-26,557975
Kentucky,,2021-01-27,585500
Kentucky,,2021-01-28,611050
Kentucky,,2021-01-29,650050
Kentucky,,2021-01-30,650150
Kentucky,,2021-01-31,650150
Kentucky,,2021-02-01,650150
Kentucky,,2021-02-02,684700
Kentucky,,2021-02-03,719200
Kentucky,,2021-02-04,746500
Kentucky,,2021-02-05,747000
Kentucky,,2021-02-06,747000
Kentucky,,2021-02-07,747000
Kentucky,,2021-02-08,747000
Kentucky,,2021-02-09,828800
Kentucky,,2021-02-10,840400
Kentucky,,2021-02-11,882200
Kentucky,,2021-02-12,882400
Kentucky,,2021-02-13,892100
Kentucky,,2021-02-14,892100
Kentucky,,2021-02-16,903775
Kentucky,,2021-02-17,911575
Kentucky,,2021-02-18,950600
Kentucky,,2021-02-19,998250
Kentucky,,2021-02-20,998250
Kentucky,,2021-02-21,1006050
Kentucky,,2021-02-22,1006050
Kentucky,,2021-02-23,1181375
Kentucky,,2021-02-24,1204585
Kentucky,,2021-02-25,1230465
Kentucky,,2021-02-26,1305725
Kentucky,,2021-02-27,1317325
Kentucky,,2021-02-28,1317325
Kentucky,,2021-03-01,1317325
Kentucky,,2021-03-02,1418685
Kentucky,,2021-03-03,1435555
Kentucky,,2021-03-04,1449775
Long Term Care,,2021-01-12,4385175
Long Term Care,,2021-01-13,4556575
Long Term Care,,2021-01-14,4715600
Louisiana,,2021-01-12,368300
Louisiana,,2021-01-13,369475
Louisiana,,2021-01-14,370175
Louisiana,,2021-01-15,370175
Louisiana,,2021-01-19,370175
Louisiana,,2021-01-20,485625
Louisiana,,2021-01-21,492800
Louisiana,,2021-01-22,506200
Louisiana,,2021-01-23,543700
Louisiana,,2021-01-24,543700
Louisiana,,2021-01-25,543700
Louisiana,,2021-01-26,602025
Louisiana,,2021-01-27,620325
Louisiana,,2021-01-28,620425
Louisiana,,2021-01-29,620425
Louisiana,,2021-01-30,648925
Louisiana,,2021-01-31,648925
Louisiana,,2021-02-01,648925
Louisiana,,2021-02-02,736850
Louisiana,,2021-02-03,746550
Louisiana,,2021-02-04,746550
Louisiana,,2021-02-05,746550
Louisiana,,2021-02-06,769750
Louisiana,,2021-02-07,769750
Louisiana,,2021-02-08,769750
Louisiana,,2021-02-09,880150
Louisiana,,2021-02-10,882350
Louisiana,,2021-02-11,894850
Louisiana,,2021-02-12,894850
Louisiana,,2021-02-13,895150
Louisiana,,2021-02-14,895150
Louisiana,,2021-02-16,895350
Louisiana,,2021-02-17,900725
Louisiana,,2021-02-18,928425
Louisiana,,2021-02-19,987625
Louisiana,,2021-02-20,1012000
Louisiana,,2021-02-21,1042225
Louisiana,,2021-02-22,1043200
Louisiana,,2021-02-23,1127670
Louisiana,,2021-02-24,1247910
Louisiana,,2021-02-25,1264780
Louisiana,,2021-02-26,1281480
Louisiana,,2021-02-27,1331680
Louisiana,,2021-02-28,1331680
Louisiana,,2021-03-01,1331680
Louisiana,,2021-03-02,1479200
Louisiana,,2021-03-03,1482470
Louisiana,,2021-03-04,1515740
Maine,,2021-01-12,132975
Maine,,2021-01-13,136875
Maine,,2021-01-14,136875
Maine,,2021-01-15,136875
Maine,,2021-01-19,136875
Maine,,2021-01-20,155800
Maine,,2021-01-21,165175
Maine,,2021-01-22,176400
Maine,,2021-01-23,178450
Maine,,2021-01-24,178450
Maine,,2021-01-25,178450
Maine,,2021-01-26,195925
Maine,,2021-01-27,204325
Maine,,2021-01-28,208225
Maine,,2021-01-29,211150
Maine,,2021-01-30,212125
Maine,,2021-01-31,212125
Maine,,2021-02-01,212125
Maine,,2021-02-02,221875
Maine,,2021-02-03,226275
Maine,,2021-02-04,254550
Maine,,2021-02-05,254550
Maine,,2021-02-06,254550
Maine,,2021-02-07,254550
Maine,,2021-02-08,254550
Maine,,2021-02-09,276600
Maine,,2021-02-10,285800
Maine,,2021-02-11,299375
Maine,,2021-02-12,299375
Maine,,2021-02-13,299375
Maine,,2021-02-14,299375
Maine,,2021-02-16,317850
Maine,,2021-02-17,321850
Maine,,2021-02-18,321850
Maine,,2021-02-19,335375
Maine,,2021-02-20,335375
Maine,,2021-02-21,335375
Maine,,2021-02-22,335375
Maine,,2021-02-23,355310
Maine,,2021-02-24,387360
Maine,,2021-02-25,398190
Maine,,2021-02-26,411790
Maine,,2021-02-27,416090
Maine,,2021-02-28,416090
Maine,,2021-03-01,416090
Maine,,2021-03-02,451450
Maine,,2021-03-03,465150
Maine,,2021-03-04,487680
Marshall Islands,MHL,2021-01-12,13600
Marshall Islands,MHL,2021-01-13,13600
Marshall Islands,MHL,2021-01-14,13600
Marshall Islands,MHL,2021-01-15,13600
Marshall Islands,MHL,2021-01-19,13600
Marshall Islands,MHL,2021-01-20,13600
Marshall Islands,MHL,2021-01-21,13600
Marshall Islands,MHL,2021-01-22,13600
Marshall Islands,MHL,2021-01-23,13600
Marshall Islands,MHL,2021-01-24,13600
Marshall Islands,MHL,2021-01-25,13600
Marshall Islands,MHL,2021-01-26,13600
Marshall Islands,MHL,2021-01-27,13600
Marshall Islands,MHL,2021-01-28,13600
Marshall Islands,MHL,2021-01-29,13600
Marshall Islands,MHL,2021-01-30,13600
Marshall Islands,MHL,2021-01-31,13600
Marshall Islands,MHL,2021-02-01,13600
Marshall Islands,MHL,2021-02-02,13600
Marshall Islands,MHL,2021-02-03,21000
Marshall Islands,MHL,2021-02-04,21000
Marshall Islands,MHL,2021-02-05,21000
Marshall Islands,MHL,2021-02-06,21000
Marshall Islands,MHL,2021-02-07,21000
Marshall Islands,MHL,2021-02-08,21000
Marshall Islands,MHL,2021-02-09,21000
Marshall Islands,MHL,2021-02-10,21000
Marshall Islands,MHL,2021-02-11,21000
Marshall Islands,MHL,2021-02-12,21000
Marshall Islands,MHL,2021-02-13,21000
Marshall Islands,MHL,2021-02-14,21000
Marshall Islands,MHL,2021-02-16,21000
Marshall Islands,MHL,2021-02-17,21000
Marshall Islands,MHL,2021-02-18,21000
Marshall Islands,MHL,2021-02-19,21000
Marshall Islands,MHL,2021-02-20,21000
Marshall Islands,MHL,2021-02-21,21000
Marshall Islands,MHL,2021-02-22,21000
Marshall Islands,MHL,2021-02-23,21000
Marshall Islands,MHL,2021-02-24,21000
Marshall Islands,MHL,2021-02-25,21000
Marshall Islands,MHL,2021-02-26,21000
Marshall Islands,MHL,2021-02-27,21000
Marshall Islands,MHL,2021-02-28,21000
Marshall Islands,MHL,2021-03-01,21000
Marshall Islands,MHL,2021-03-02,21000
Marshall Islands,MHL,2021-03-03,35000
Marshall Islands,MHL,2021-03-04,35000
Maryland,,2021-01-12,552800
Maryland,,2021-01-13,561500
Maryland,,2021-01-14,564625
Maryland,,2021-01-15,565125
Maryland,,2021-01-19,565125
Maryland,,2021-01-20,628800
Maryland,,2021-01-21,685325
Maryland,,2021-01-22,722625
Maryland,,2021-01-23,742175
Maryland,,2021-01-24,742175
Maryland,,2021-01-25,742175
Maryland,,2021-01-26,786300
Maryland,,2021-01-27,820425
Maryland,,2021-01-28,851250
Maryland,,2021-01-29,881675
Maryland,,2021-01-30,884650
Maryland,,2021-01-31,884650
Maryland,,2021-02-01,884650
Maryland,,2021-02-02,899675
Maryland,,2021-02-03,958575
Maryland,,2021-02-04,972225
Maryland,,2021-02-05,1011875
Maryland,,2021-02-06,1029725
Maryland,,2021-02-07,1029725
Maryland,,2021-02-08,1029725
Maryland,,2021-02-09,1098275
Maryland,,2021-02-10,1101200
Maryland,,2021-02-11,1188600
Maryland,,2021-02-12,1188700
Maryland,,2021-02-13,1192675
Maryland,,2021-02-14,1193075
Maryland,,2021-02-16,1231825
Maryland,,2021-02-17,1247775
Maryland,,2021-02-18,1249925
Maryland,,2021-02-19,1435375
Maryland,,2021-02-20,1450000
Maryland,,2021-02-21,1450000
Maryland,,2021-02-22,1450000
Maryland,,2021-02-23,1634945
Maryland,,2021-02-24,1672605
Maryland,,2021-02-25,1795785
Maryland,,2021-02-26,1817795
Maryland,,2021-02-27,1837445
Maryland,,2021-02-28,1837445
Maryland,,2021-03-01,1837445
Maryland,,2021-03-02,1946505
Maryland,,2021-03-03,2044065
Maryland,,2021-03-04,2110295
Massachusetts,,2021-01-12,476025
Massachusetts,,2021-01-13,656850
Massachusetts,,2021-01-14,669225
Massachusetts,,2021-01-15,669325
Massachusetts,,2021-01-19,669325
Massachusetts,,2021-01-20,737550
Massachusetts,,2021-01-21,776400
Massachusetts,,2021-01-22,854950
Massachusetts,,2021-01-23,859175
Massachusetts,,2021-01-24,859175
Massachusetts,,2021-01-25,859175
Massachusetts,,2021-01-26,875825
Massachusetts,,2021-01-27,956800
Massachusetts,,2021-01-28,1018975
Massachusetts,,2021-01-29,1057000
Massachusetts,,2021-01-30,1060900
Massachusetts,,2021-01-31,1060900
Massachusetts,,2021-02-01,1060900
Massachusetts,,2021-02-02,1039775
Massachusetts,,2021-02-03,1156375
Massachusetts,,2021-02-04,1229075
Massachusetts,,2021-02-05,1247600
Massachusetts,,2021-02-06,1247600
Massachusetts,,2021-02-07,1247600
Massachusetts,,2021-02-08,1247600
Massachusetts,,2021-02-09,1273975
Massachusetts,,2021-02-10,1393725
Massachusetts,,2021-02-11,1445425
Massachusetts,,2021-02-12,1499450
Massachusetts,,2021-02-13,1502725
Massachusetts,,2021-02-14,1502925
Massachusetts,,2021-02-16,1517375
Massachusetts,,2021-02-17,1526150
Massachusetts,,2021-02-18,1526150
Massachusetts,,2021-02-19,1580500
Massachusetts,,2021-02-20,1737170
Massachusetts,,2021-02-21,1737170
Massachusetts,,2021-02-22,1737170
Massachusetts,,2021-02-23,1747380
Massachusetts,,2021-02-24,1982950
Massachusetts,,2021-02-25,2025060
Massachusetts,,2021-02-26,2068660
Massachusetts,,2021-02-27,2091730
Massachusetts,,2021-02-28,2091730
Massachusetts,,2021-03-01,2091730
Massachusetts,,2021-03-02,2115560
Massachusetts,,2021-03-03,2296020
Massachusetts,,2021-03-04,2381160
Michigan,,2021-01-12,768150
Michigan,,2021-01-13,772150
Michigan,,2021-01-14,773650
Michigan,,2021-01-15,773750
Michigan,,2021-01-19,773750
Michigan,,2021-01-20,1031100
Michigan,,2021-01-21,1059275
Michigan,,2021-01-22,1094275
Michigan,,2021-01-23,1095675
Michigan,,2021-01-24,1095675
Michigan,,2021-01-25,1095675
Michigan,,2021-01-26,1289025
Michigan,,2021-01-27,1352100
Michigan,,2021-01-28,1359700
Michigan,,2021-01-29,1361500
Michigan,,2021-01-30,1362600
Michigan,,2021-01-31,1362600
Michigan,,2021-02-01,1362600
Michigan,,2021-02-02,1608250
Michigan,,2021-02-03,1629000
Michigan,,2021-02-04,1634000
Michigan,,2021-02-05,1639575
Michigan,,2021-02-06,1639575
Michigan,,2021-02-07,1639575
Michigan,,2021-02-08,1639575
Michigan,,2021-02-09,1846625
Michigan,,2021-02-10,1865325
Michigan,,2021-02-11,1895500
Michigan,,2021-02-12,1896800
Michigan,,2021-02-13,1919675
Michigan,,2021-02-14,1919975
Michigan,,2021-02-16,2134425
Michigan,,2021-02-17,2146125
Michigan,,2021-02-18,2174800
Michigan,,2021-02-19,2270370
Michigan,,2021-02-20,2279240
Michigan,,2021-02-21,2279240
Michigan,,2021-02-22,2279240
Michigan,,2021-02-23,2448580
Michigan,,2021-02-24,2629540
Michigan,,2021-02-25,2672490
Michigan,,2021-02-26,2679290
Michigan,,2021-02-27,2704700
Michigan,,2021-02-28,2704700
Michigan,,2021-03-01,2704700
Michigan,,2021-03-02,3103600
Michigan,,2021-03-03,3148950
Michigan,,2021-03-04,3179160
Minnesota,,2021-01-12,453200
Minnesota,,2021-01-13,511200
Minnesota,,2021-01-14,516800
Minnesota,,2021-01-15,519600
Minnesota,,2021-01-19,519600
Minnesota,,2021-01-20,595775
Minnesota,,2021-01-21,652350
Minnesota,,2021-01-22,677100
Minnesota,,2021-01-23,680700
Minnesota,,2021-01-24,680700
Minnesota,,2021-01-25,680700
Minnesota,,2021-01-26,689450
Minnesota,,2021-01-27,787875
Minnesota,,2021-01-28,801775
Minnesota,,2021-01-29,834550
Minnesota,,2021-01-30,837550
Minnesota,,2021-01-31,837550
Minnesota,,2021-02-01,837550
Minnesota,,2021-02-02,824450
Minnesota,,2021-02-03,919975
Minnesota,,2021-02-04,931500
Minnesota,,2021-02-05,934400
Minnesota,,2021-02-06,950250
Minnesota,,2021-02-07,950250
Minnesota,,2021-02-08,950250
Minnesota,,2021-02-09,975850
Minnesota,,2021-02-10,1058225
Minnesota,,2021-02-11,1121000
Minnesota,,2021-02-12,1129850
Minnesota,,2021-02-13,1130550
Minnesota,,2021-02-14,1132350
Minnesota,,2021-02-16,1165050
Minnesota,,2021-02-17,1165050
Minnesota,,2021-02-18,1200250
Minnesota,,2021-02-19,1269275
Minnesota,,2021-02-20,1284150
Minnesota,,2021-02-21,1284150
Minnesota,,2021-02-22,1284150
Minnesota,,2021-02-23,1345050
Minnesota,,2021-02-24,1520290
Minnesota,,2021-02-25,1547920
Minnesota,,2021-02-26,1590390
Minnesota,,2021-02-27,1599790
Minnesota,,2021-02-28,1599790
Minnesota,,2021-03-01,1599790
Minnesota,,2021-03-02,1653440
Minnesota,,2021-03-03,1817920
Minnesota,,2021-03-04,1861010
Mississippi,,2021-01-12,212050
Mississippi,,2021-01-13,218825
Mississippi,,2021-01-14,219800
Mississippi,,2021-01-15,233550
Mississippi,,2021-01-19,233550
Mississippi,,2021-01-20,307950
Mississippi,,2021-01-21,334800
Mississippi,,2021-01-22,346400
Mississippi,,2021-01-23,358100
Mississippi,,2021-01-24,358100
Mississippi,,2021-01-25,358100
Mississippi,,2021-01-26,372050
Mississippi,,2021-01-27,396550
Mississippi,,2021-01-28,418050
Mississippi,,2021-01-29,425000
Mississippi,,2021-01-30,425000
Mississippi,,2021-01-31,425000
Mississippi,,2021-02-01,425000
Mississippi,,2021-02-02,438100
Mississippi,,2021-02-03,484850
Mississippi,,2021-02-04,494975
Mississippi,,2021-02-05,495950
Mississippi,,2021-02-06,515450
Mississippi,,2021-02-07,515450
Mississippi,,2021-02-08,515450
Mississippi,,2021-02-09,536625
Mississippi,,2021-02-10,570075
Mississippi,,2021-02-11,601625
Mississippi,,2021-02-12,609025
Mississippi,,2021-02-13,613900
Mississippi,,2021-02-14,614100
Mississippi,,2021-02-16,614100
Mississippi,,2021-02-17,614100
Mississippi,,2021-02-18,616050
Mississippi,,2021-02-19,647825
Mississippi,,2021-02-20,650750
Mississippi,,2021-02-21,650750
Mississippi,,2021-02-22,650750
Mississippi,,2021-02-23,720795
Mississippi,,2021-02-24,767265
Mississippi,,2021-02-25,801035
Mississippi,,2021-02-26,842935
Mississippi,,2021-02-27,869955
Mississippi,,2021-02-28,869955
Mississippi,,2021-03-01,869955
Mississippi,,2021-03-02,898945
Mississippi,,2021-03-03,942435
Mississippi,,2021-03-04,1005145
Missouri,,2021-01-12,485175
Missouri,,2021-01-13,526425
Missouri,,2021-01-14,528300
Missouri,,2021-01-15,528800
Missouri,,2021-01-19,528800
Missouri,,2021-01-20,572125
Missouri,,2021-01-21,621200
Missouri,,2021-01-22,657700
Missouri,,2021-01-23,661400
Missouri,,2021-01-24,661400
Missouri,,2021-01-25,661400
Missouri,,2021-01-26,665300
Missouri,,2021-01-27,750175
Missouri,,2021-01-28,822850
Missouri,,2021-01-29,834700
Missouri,,2021-01-30,835400
Missouri,,2021-01-31,835400
Missouri,,2021-02-01,835400
Missouri,,2021-02-02,824100
Missouri,,2021-02-03,904250
Missouri,,2021-02-04,945850
Missouri,,2021-02-05,957550
Missouri,,2021-02-06,961525
Missouri,,2021-02-07,961525
Missouri,,2021-02-08,961525
Missouri,,2021-02-09,962500
Missouri,,2021-02-10,1021500
Missouri,,2021-02-11,1058775
Missouri,,2021-02-12,1116475
Missouri,,2021-02-13,1129875
Missouri,,2021-02-14,1129975
Missouri,,2021-02-16,1138575
Missouri,,2021-02-17,1138675
Missouri,,2021-02-18,1144775
Missouri,,2021-02-19,1222875
Missouri,,2021-02-20,1275555
Missouri,,2021-02-21,1275555
Missouri,,2021-02-22,1275555
Missouri,,2021-02-23,1315095
Missouri,,2021-02-24,1519205
Missouri,,2021-02-25,1527195
Missouri,,2021-02-26,1670085
Missouri,,2021-02-27,1694635
Missouri,,2021-02-28,1694635
Missouri,,2021-03-01,1694635
Missouri,,2021-03-02,1709605
Missouri,,2021-03-03,1848525
Missouri,,2021-03-04,1900855
Montana,,2021-01-12,78350
Montana,,2021-01-13,89550
Montana,,2021-01-14,98500
Montana,,2021-01-15,98500
Montana,,2021-01-19,98500
Montana,,2021-01-20,111625
Montana,,2021-01-21,112125
Montana,,2021-01-22,119500
Montana,,2021-01-23,119500
Montana,,2021-01-24,119500
Montana,,2021-01-25,119500
Montana,,2021-01-26,119500
Montana,,2021-01-27,133025
Montana,,2021-01-28,138725
Montana,,2021-01-29,141650
Montana,,2021-01-30,141650
Montana,,2021-01-31,141650
Montana,,2021-02-01,141650
Montana,,2021-02-02,141650
Montana,,2021-02-03,157275
Montana,,2021-02-04,163675
Montana,,2021-02-05,163675
Montana,,2021-02-06,163675
Montana,,2021-02-07,163675
Montana,,2021-02-08,163675
Montana,,2021-02-09,164650
Montana,,2021-02-10,192125
Montana,,2021-02-11,192125
Montana,,2021-02-12,194325
Montana,,2021-02-13,199825
Montana,,2021-02-14,199825
Montana,,2021-02-16,207250
Montana,,2021-02-17,207250
Montana,,2021-02-18,208225
Montana,,2021-02-19,250795
Montana,,2021-02-20,259215
Montana,,2021-02-21,259215
Montana,,2021-02-22,259215
Montana,,2021-02-23,260385
Montana,,2021-02-24,301215
Montana,,2021-02-25,306415
Montana,,2021-02-26,319315
Montana,,2021-02-27,341645
Montana,,2021-02-28,341645
Montana,,2021-03-01,341645
Montana,,2021-03-02,342145
Montana,,2021-03-03,370485
Montana,,2021-03-04,387485
Nebraska,,2021-01-12,177375
Nebraska,,2021-01-13,199800
Nebraska,,2021-01-14,199800
Nebraska,,2021-01-15,211500
Nebraska,,2021-01-19,211500
Nebraska,,2021-01-20,237500
Nebraska,,2021-01-21,238000
Nebraska,,2021-01-22,238100
Nebraska,,2021-01-23,238100
Nebraska,,2021-01-24,238100
Nebraska,,2021-01-25,238100
Nebraska,,2021-01-26,238100
Nebraska,,2021-01-27,284275
Nebraska,,2021-01-28,287400
Nebraska,,2021-01-29,288375
Nebraska,,2021-01-30,288375
Nebraska,,2021-01-31,288375
Nebraska,,2021-02-01,288375
Nebraska,,2021-02-02,297375
Nebraska,,2021-02-03,332525
Nebraska,,2021-02-04,344225
Nebraska,,2021-02-05,346175
Nebraska,,2021-02-06,346375
Nebraska,,2021-02-07,346375
Nebraska,,2021-02-08,346375
Nebraska,,2021-02-09,386775
Nebraska,,2021-02-10,398575
Nebraska,,2021-02-11,405600
Nebraska,,2021-02-12,407500
Nebraska,,2021-02-13,407500
Nebraska,,2021-02-14,407500
Nebraska,,2021-02-16,407500
Nebraska,,2021-02-17,427000
Nebraska,,2021-02-18,427000
Nebraska,,2021-02-19,472325
Nebraska,,2021-02-20,482975
Nebraska,,2021-02-21,482975
Nebraska,,2021-02-22,482975
Nebraska,,2021-02-23,514970
Nebraska,,2021-02-24,539590
Nebraska,,2021-02-25,559930
Nebraska,,2021-02-26,582930
Nebraska,,2021-02-27,603210
Nebraska,,2021-02-28,603210
Nebraska,,2021-03-01,603210
Nebraska,,2021-03-02,604380
Nebraska,,2021-03-03,654800
Nebraska,,2021-03-04,665870
Nevada,,2021-01-12,207150
Nevada,,2021-01-13,207150
Nevada,,2021-01-14,210075
Nevada,,2021-01-15,211750
Nevada,,2021-01-19,211750
Nevada,,2021-01-20,276775
Nevada,,2021-01-21,278175
Nevada,,2021-01-22,281100
Nevada,,2021-01-23,286950
Nevada,,2021-01-24,286950
Nevada,,2021-01-25,286950
Nevada,,2021-01-26,338025
Nevada,,2021-01-27,338525
Nevada,,2021-01-28,339500
Nevada,,2021-01-29,339900
Nevada,,2021-01-30,368800
Nevada,,2021-01-31,368800
Nevada,,2021-02-01,368800
Nevada,,2021-02-02,417175
Nevada,,2021-02-03,417875
Nevada,,2021-02-04,424800
Nevada,,2021-02-05,425300
Nevada,,2021-02-06,427800
Nevada,,2021-02-07,427800
Nevada,,2021-02-08,427800
Nevada,,2021-02-09,510200
Nevada,,2021-02-10,521200
Nevada,,2021-02-11,533800
Nevada,,2021-02-12,533800
Nevada,,2021-02-13,533800
Nevada,,2021-02-14,534775
Nevada,,2021-02-16,550375
Nevada,,2021-02-17,593275
Nevada,,2021-02-18,593275
Nevada,,2021-02-19,645250
Nevada,,2021-02-20,646450
Nevada,,2021-02-21,646450
Nevada,,2021-02-22,646450
Nevada,,2021-02-23,719880
Nevada,,2021-02-24,742630
Nevada,,2021-02-25,809180
Nevada,,2021-02-26,858340
Nevada,,2021-02-27,867240
Nevada,,2021-02-28,867240
Nevada,,2021-03-01,867240
Nevada,,2021-03-02,883370
Nevada,,2021-03-03,958450
Nevada,,2021-03-04,984300
New Hampshire,,2021-01-12,122350
New Hampshire,,2021-01-13,124300
New Hampshire,,2021-01-14,127225
New Hampshire,,2021-01-15,127225
New Hampshire,,2021-01-19,127225
New Hampshire,,2021-01-20,145400
New Hampshire,,2021-01-21,155150
New Hampshire,,2021-01-22,162950
New Hampshire,,2021-01-23,162950
New Hampshire,,2021-01-24,162950
New Hampshire,,2021-01-25,162950
New Hampshire,,2021-01-26,180525
New Hampshire,,2021-01-27,190875
New Hampshire,,2021-01-28,200625
New Hampshire,,2021-01-29,203550
New Hampshire,,2021-01-30,217100
New Hampshire,,2021-01-31,217100
New Hampshire,,2021-02-01,217100
New Hampshire,,2021-02-02,226850
New Hampshire,,2021-02-03,235250
New Hampshire,,2021-02-04,244025
New Hampshire,,2021-02-05,245000
New Hampshire,,2021-02-06,257700
New Hampshire,,2021-02-07,257700
New Hampshire,,2021-02-08,257700
New Hampshire,,2021-02-09,267450
New Hampshire,,2021-02-10,277225
New Hampshire,,2021-02-11,298075
New Hampshire,,2021-02-12,298175
New Hampshire,,2021-02-13,311875
New Hampshire,,2021-02-14,311875
New Hampshire,,2021-02-16,321625
New Hampshire,,2021-02-17,321625
New Hampshire,,2021-02-18,321625
New Hampshire,,2021-02-19,328525
New Hampshire,,2021-02-20,328525
New Hampshire,,2021-02-21,328525
New Hampshire,,2021-02-22,328525
New Hampshire,,2021-02-23,344165
New Hampshire,,2021-02-24,383145
New Hampshire,,2021-02-25,396375
New Hampshire,,2021-02-26,398575
New Hampshire,,2021-02-27,412275
New Hampshire,,2021-02-28,412275
New Hampshire,,2021-03-01,412275
New Hampshire,,2021-03-02,437345
New Hampshire,,2021-03-03,454845
New Hampshire,,2021-03-04,466775
New Jersey,,2021-01-12,654900
New Jersey,,2021-01-13,654900
New Jersey,,2021-01-14,658800
New Jersey,,2021-01-15,658800
New Jersey,,2021-01-19,658800
New Jersey,,2021-01-20,898550
New Jersey,,2021-01-21,923300
New Jersey,,2021-01-22,951875
New Jersey,,2021-01-23,989900
New Jersey,,2021-01-24,989900
New Jersey,,2021-01-25,989900
New Jersey,,2021-01-26,1091400
New Jersey,,2021-01-27,1207100
New Jersey,,2021-01-28,1230550
New Jersey,,2021-01-29,1231525
New Jersey,,2021-01-30,1232525
New Jersey,,2021-01-31,1232525
New Jersey,,2021-02-01,1232525
New Jersey,,2021-02-02,1235350
New Jersey,,2021-02-03,1252250
New Jersey,,2021-02-04,1433750
New Jersey,,2021-02-05,1435750
New Jersey,,2021-02-06,1480825
New Jersey,,2021-02-07,1480825
New Jersey,,2021-02-08,1480825
New Jersey,,2021-02-09,1480825
New Jersey,,2021-02-10,1688975
New Jersey,,2021-02-11,1770250
New Jersey,,2021-02-12,1773525
New Jersey,,2021-02-13,1775575
New Jersey,,2021-02-14,1776775
New Jersey,,2021-02-16,1790200
New Jersey,,2021-02-17,1790200
New Jersey,,2021-02-18,1790200
New Jersey,,2021-02-19,1809900
New Jersey,,2021-02-20,1809900
New Jersey,,2021-02-21,1917150
New Jersey,,2021-02-22,1917150
New Jersey,,2021-02-23,2114690
New Jersey,,2021-02-24,2297580
New Jersey,,2021-02-25,2476620
New Jersey,,2021-02-26,2479720
New Jersey,,2021-02-27,2508320
New Jersey,,2021-02-28,2508320
New Jersey,,2021-03-01,2508320
New Jersey,,2021-03-02,2618060
New Jersey,,2021-03-03,2780910
New Jersey,,2021-03-04,2783610
New Mexico,,2021-01-12,177075
New Mexico,,2021-01-13,199525
New Mexico,,2021-01-14,204750
New Mexico,,2021-01-15,204750
New Mexico,,2021-01-19,204750
New Mexico,,2021-01-20,225850
New Mexico,,2021-01-21,237725
New Mexico,,2021-01-22,248300
New Mexico,,2021-01-23,257075
New Mexico,,2021-01-24,257075
New Mexico,,2021-01-25,257075
New Mexico,,2021-01-26,270725
New Mexico,,2021-01-27,303625
New Mexico,,2021-01-28,314750
New Mexico,,2021-01-29,317800
New Mexico,,2021-01-30,317900
New Mexico,,2021-01-31,317900
New Mexico,,2021-02-01,317900
New Mexico,,2021-02-02,351050
New Mexico,,2021-02-03,356150
New Mexico,,2021-02-04,364775
New Mexico,,2021-02-05,364875
New Mexico,,2021-02-06,364875
New Mexico,,2021-02-07,364875
New Mexico,,2021-02-08,364875
New Mexico,,2021-02-09,405500
New Mexico,,2021-02-10,411350
New Mexico,,2021-02-11,428675
New Mexico,,2021-02-12,429950
New Mexico,,2021-02-13,429950
New Mexico,,2021-02-14,429950
New Mexico,,2021-02-16,448500
New Mexico,,2021-02-17,454350
New Mexico,,2021-02-18,454450
New Mexico,,2021-02-19,599575
New Mexico,,2021-02-20,605885
New Mexico,,2021-02-21,605885
New Mexico,,2021-02-22,605885
New Mexico,,2021-02-23,660415
New Mexico,,2021-02-24,680475
New Mexico,,2021-02-25,705015
New Mexico,,2021-02-26,736165
New Mexico,,2021-02-27,738705
New Mexico,,2021-02-28,738705
New Mexico,,2021-03-01,738705
New Mexico,,2021-03-02,800425
New Mexico,,2021-03-03,821845
New Mexico,,2021-03-04,862495
New York State,,2021-01-12,1622100
New York State,,2021-01-13,1796850
New York State,,2021-01-14,1872625
New York State,,2021-01-15,1884325
New York State,,2021-01-19,1884325
New York State,,2021-01-20,2057875
New York State,,2021-01-21,2213975
New York State,,2021-01-22,2367075
New York State,,2021-01-23,2395950
New York State,,2021-01-24,2395950
New York State,,2021-01-25,2395950
New York State,,2021-01-26,2401900
New York State,,2021-01-27,2744450
New York State,,2021-01-28,2812625
New York State,,2021-01-29,2823575
New York State,,2021-01-30,2932775
New York State,,2021-01-31,2932775
New York State,,2021-02-01,2932775
New York State,,2021-02-02,2987075
New York State,,2021-02-03,3241250
New York State,,2021-02-04,3377325
New York State,,2021-02-05,3378300
New York State,,2021-02-06,3378300
New York State,,2021-02-07,3378300
New York State,,2021-02-08,3378300
New York State,,2021-02-09,3428000
New York State,,2021-02-10,3731300
New York State,,2021-02-11,3843300
New York State,,2021-02-12,3870175
New York State,,2021-02-13,3941225
New York State,,2021-02-14,3969050
New York State,,2021-02-16,3993825
New York State,,2021-02-17,4018450
New York State,,2021-02-18,4022525
New York State,,2021-02-19,4165325
New York State,,2021-02-20,4165325
New York State,,2021-02-21,4171175
New York State,,2021-02-22,4171175
New York State,,2021-02-23,4836200
New York State,,2021-02-24,5349415
New York State,,2021-02-25,5514665
New York State,,2021-02-26,5627205
New York State,,2021-02-27,5757205
New York State,,2021-02-28,5757205
New York State,,2021-03-01,5757205
New York State,,2021-03-02,5987175
New York State,,2021-03-03,6443525
New York State,,2021-03-04,6565865
North Carolina,,2021-01-12,836450
North Carolina,,2021-01-13,852000
North Carolina,,2021-01-14,969700
North Carolina,,2021-01-15,999650
North Carolina,,2021-01-19,999650
North Carolina,,2021-01-20,1118250
North Carolina,,2021-01-21,1157100
North Carolina,,2021-01-22,1192375
North Carolina,,2021-01-23,1246600
North Carolina,,2021-01-24,1246600
North Carolina,,2021-01-25,1246600
North Carolina,,2021-01-26,1250900
North Carolina,,2021-01-27,1397275
North Carolina,,2021-01-28,1399775
North Carolina,,2021-01-29,1400375
North Carolina,,2021-01-30,1423475
North Carolina,,2021-01-31,1423475
North Carolina,,2021-02-01,1423475
North Carolina,,2021-02-02,1490350
North Carolina,,2021-02-03,1643800
North Carolina,,2021-02-04,1715675
North Carolina,,2021-02-05,1718275
North Carolina,,2021-02-06,1718275
North Carolina,,2021-02-07,1718275
North Carolina,,2021-02-08,1718275
North Carolina,,2021-02-09,1722275
North Carolina,,2021-02-10,1831875
North Carolina,,2021-02-11,1938075
North Carolina,,2021-02-12,1985050
North Carolina,,2021-02-13,2047050
North Carolina,,2021-02-14,2067725
North Carolina,,2021-02-16,2074400
North Carolina,,2021-02-17,2075375
North Carolina,,2021-02-18,2119250
North Carolina,,2021-02-19,2293000
North Carolina,,2021-02-20,2363200
North Carolina,,2021-02-21,2363200
North Carolina,,2021-02-22,2363200
North Carolina,,2021-02-23,2591415
North Carolina,,2021-02-24,2770825
North Carolina,,2021-02-25,2809745
North Carolina,,2021-02-26,2906485
North Carolina,,2021-02-27,2985475
North Carolina,,2021-02-28,2985475
North Carolina,,2021-03-01,2985475
North Carolina,,2021-03-02,3028055
North Carolina,,2021-03-03,3278075
North Carolina,,2021-03-04,3301865
North Dakota,,2021-01-12,53525
North Dakota,,2021-01-13,66725
North Dakota,,2021-01-14,68675
North Dakota,,2021-01-15,68675
North Dakota,,2021-01-19,68675
North Dakota,,2021-01-20,78150
North Dakota,,2021-01-21,82850
North Dakota,,2021-01-22,86750
North Dakota,,2021-01-23,86750
North Dakota,,2021-01-24,86750
North Dakota,,2021-01-25,86750
North Dakota,,2021-01-26,86750
North Dakota,,2021-01-27,96425
North Dakota,,2021-01-28,105900
North Dakota,,2021-01-29,106875
North Dakota,,2021-01-30,108050
North Dakota,,2021-01-31,108050
North Dakota,,2021-02-01,108050
North Dakota,,2021-02-02,122050
North Dakota,,2021-02-03,122150
North Dakota,,2021-02-04,131625
North Dakota,,2021-02-05,131625
North Dakota,,2021-02-06,131625
North Dakota,,2021-02-07,131625
North Dakota,,2021-02-08,131625
North Dakota,,2021-02-09,143400
North Dakota,,2021-02-10,143400
North Dakota,,2021-02-11,155375
North Dakota,,2021-02-12,155375
North Dakota,,2021-02-13,155375
North Dakota,,2021-02-14,155375
North Dakota,,2021-02-16,162175
North Dakota,,2021-02-17,163150
North Dakota,,2021-02-18,163150
North Dakota,,2021-02-19,192100
North Dakota,,2021-02-20,198650
North Dakota,,2021-02-21,198650
North Dakota,,2021-02-22,198650
North Dakota,,2021-02-23,217480
North Dakota,,2021-02-24,233550
North Dakota,,2021-02-25,241100
North Dakota,,2021-02-26,245200
North Dakota,,2021-02-27,246570
North Dakota,,2021-02-28,246570
North Dakota,,2021-03-01,246570
North Dakota,,2021-03-02,266470
North Dakota,,2021-03-03,269610
North Dakota,,2021-03-04,289160
Northern Mariana Islands,MNP,2021-01-12,18650
Northern Mariana Islands,MNP,2021-01-13,18650
Northern Mariana Islands,MNP,2021-01-14,18650
Northern Mariana Islands,MNP,2021-01-15,18650
Northern Mariana Islands,MNP,2021-01-19,18650
Northern Mariana Islands,MNP,2021-01-20,18650
Northern Mariana Islands,MNP,2021-01-21,18650
Northern Mariana Islands,MNP,2021-01-22,18650
Northern Mariana Islands,MNP,2021-01-23,18650
Northern Mariana Islands,MNP,2021-01-24,18650
Northern Mariana Islands,MNP,2021-01-25,18650
Northern Mariana Islands,MNP,2021-01-26,18650
Northern Mariana Islands,MNP,2021-01-27,18650
Northern Mariana Islands,MNP,2021-01-28,18650
Northern Mariana Islands,MNP,2021-01-29,18650
Northern Mariana Islands,MNP,2021-01-30,18650
Northern Mariana Islands,MNP,2021-01-31,18650
Northern Mariana Islands,MNP,2021-02-01,21850
Northern Mariana Islands,MNP,2021-02-02,29650
Northern Mariana Islands,MNP,2021-02-03,29650
Northern Mariana Islands,MNP,2021-02-04,29650
Northern Mariana Islands,MNP,2021-02-05,29650
Northern Mariana Islands,MNP,2021-02-06,29650
Northern Mariana Islands,MNP,2021-02-07,29650
Northern Mariana Islands,MNP,2021-02-08,29650
Northern Mariana Islands,MNP,2021-02-09,29650
Northern Mariana Islands,MNP,2021-02-10,29650
Northern Mariana Islands,MNP,2021-02-11,29650
Northern Mariana Islands,MNP,2021-02-12,29650
Northern Mariana Islands,MNP,2021-02-13,29650
Northern Mariana Islands,MNP,2021-02-14,29650
Northern Mariana Islands,MNP,2021-02-16,29650
Northern Mariana Islands,MNP,2021-02-17,29650
Northern Mariana Islands,MNP,2021-02-18,29650
Northern Mariana Islands,MNP,2021-02-19,29650
Northern Mariana Islands,MNP,2021-02-20,29650
Northern Mariana Islands,MNP,2021-02-21,29650
Northern Mariana Islands,MNP,2021-02-22,29650
Northern Mariana Islands,MNP,2021-02-23,29650
Northern Mariana Islands,MNP,2021-02-24,29650
Northern Mariana Islands,MNP,2021-02-25,29650
Northern Mariana Islands,MNP,2021-02-26,29650
Northern Mariana Islands,MNP,2021-02-27,29650
Northern Mariana Islands,MNP,2021-02-28,29650
Northern Mariana Islands,MNP,2021-03-01,29650
Northern Mariana Islands,MNP,2021-03-02,43610
Northern Mariana Islands,MNP,2021-03-03,43610
Northern Mariana Islands,MNP,2021-03-04,43610
Ohio,,2021-01-12,866050
Ohio,,2021-01-13,957700
Ohio,,2021-01-14,967450
Ohio,,2021-01-15,968250
Ohio,,2021-01-19,968250
Ohio,,2021-01-20,1119175
Ohio,,2021-01-21,1122300
Ohio,,2021-01-22,1222225
Ohio,,2021-01-23,1233075
Ohio,,2021-01-24,1233075
Ohio,,2021-01-25,1233075
Ohio,,2021-01-26,1406950
Ohio,,2021-01-27,1507000
Ohio,,2021-01-28,1532450
Ohio,,2021-01-29,1553900
Ohio,,2021-01-30,1553900
Ohio,,2021-01-31,1553900
Ohio,,2021-02-01,1553900
Ohio,,2021-02-02,1717875
Ohio,,2021-02-03,1812025
Ohio,,2021-02-04,1899800
Ohio,,2021-02-05,1901750
Ohio,,2021-02-06,1901750
Ohio,,2021-02-07,1901750
Ohio,,2021-02-08,1901750
Ohio,,2021-02-09,2070625
Ohio,,2021-02-10,2151175
Ohio,,2021-02-11,2293650
Ohio,,2021-02-12,2293650
Ohio,,2021-02-13,2315100
Ohio,,2021-02-14,2315100
Ohio,,2021-02-16,2350375
Ohio,,2021-02-17,2373775
Ohio,,2021-02-18,2402050
Ohio,,2021-02-19,2504150
Ohio,,2021-02-20,2504150
Ohio,,2021-02-21,2518775
Ohio,,2021-02-22,2518775
Ohio,,2021-02-23,2963035
Ohio,,2021-02-24,3030705
Ohio,,2021-02-25,3238385
Ohio,,2021-02-26,3282255
Ohio,,2021-02-27,3301865
Ohio,,2021-02-28,3301865
Ohio,,2021-03-01,3301865
Ohio,,2021-03-02,3573485
Ohio,,2021-03-03,3686255
Ohio,,2021-03-04,3817675
Oklahoma,,2021-01-12,381375
Oklahoma,,2021-01-13,396975
Oklahoma,,2021-01-14,399900
Oklahoma,,2021-01-15,424000
Oklahoma,,2021-01-19,424000
Oklahoma,,2021-01-20,455275
Oklahoma,,2021-01-21,490500
Oklahoma,,2021-01-22,496350
Oklahoma,,2021-01-23,496350
Oklahoma,,2021-01-24,496350
Oklahoma,,2021-01-25,496350
Oklahoma,,2021-01-26,530675
Oklahoma,,2021-01-27,569575
Oklahoma,,2021-01-28,592975
Oklahoma,,2021-01-29,594925
Oklahoma,,2021-01-30,594925
Oklahoma,,2021-01-31,594925
Oklahoma,,2021-02-01,594925
Oklahoma,,2021-02-02,616775
Oklahoma,,2021-02-03,675850
Oklahoma,,2021-02-04,700225
Oklahoma,,2021-02-05,700225
Oklahoma,,2021-02-06,734625
Oklahoma,,2021-02-07,734625
Oklahoma,,2021-02-08,734625
Oklahoma,,2021-02-09,750525
Oklahoma,,2021-02-10,779400
Oklahoma,,2021-02-11,815475
Oklahoma,,2021-02-12,815675
Oklahoma,,2021-02-13,815675
Oklahoma,,2021-02-14,816650
Oklahoma,,2021-02-16,816650
Oklahoma,,2021-02-17,816650
Oklahoma,,2021-02-18,816650
Oklahoma,,2021-02-19,1061775
Oklahoma,,2021-02-20,1061775
Oklahoma,,2021-02-21,1061775
Oklahoma,,2021-02-22,1061775
Oklahoma,,2021-02-23,1173350
Oklahoma,,2021-02-24,1271050
Oklahoma,,2021-02-25,1334690
Oklahoma,,2021-02-26,1385540
Oklahoma,,2021-02-27,1399890
Oklahoma,,2021-02-28,1399890
Oklahoma,,2021-03-01,1399890
Oklahoma,,2021-03-02,1408880
Oklahoma,,2021-03-03,1551080
Oklahoma,,2021-03-04,1635550
Oregon,,2021-01-12,321425
Oregon,,2021-01-13,325325
Oregon,,2021-01-14,335075
Oregon,,2021-01-15,335075
Oregon,,2021-01-19,335075
Oregon,,2021-01-20,431450
Oregon,,2021-01-21,479325
Oregon,,2021-01-22,487700
Oregon,,2021-01-23,492450
Oregon,,2021-01-24,492450
Oregon,,2021-01-25,492450
Oregon,,2021-01-26,589200
Oregon,,2021-01-27,599900
Oregon,,2021-01-28,606725
Oregon,,2021-01-29,614525
Oregon,,2021-01-30,665325
Oregon,,2021-01-31,665325
Oregon,,2021-02-01,665325
Oregon,,2021-02-02,684000
Oregon,,2021-02-03,706575
Oregon,,2021-02-04,706575
Oregon,,2021-02-05,733875
Oregon,,2021-02-06,734950
Oregon,,2021-02-07,734950
Oregon,,2021-02-08,734950
Oregon,,2021-02-09,801125
Oregon,,2021-02-10,831350
Oregon,,2021-02-11,840475
Oregon,,2021-02-12,840575
Oregon,,2021-02-13,841550
Oregon,,2021-02-14,841550
Oregon,,2021-02-16,862025
Oregon,,2021-02-17,878600
Oregon,,2021-02-18,878600
Oregon,,2021-02-19,922300
Oregon,,2021-02-20,924575
Oregon,,2021-02-21,924575
Oregon,,2021-02-22,924575
Oregon,,2021-02-23,1092385
Oregon,,2021-02-24,1133695
Oregon,,2021-02-25,1170595
Oregon,,2021-02-26,1177945
Oregon,,2021-02-27,1241415
Oregon,,2021-02-28,1241415
Oregon,,2021-03-01,1241415
Oregon,,2021-03-02,1293095
Oregon,,2021-03-03,1335165
Oregon,,2021-03-04,1363665
Pennsylvania,,2021-01-12,974725
Pennsylvania,,2021-01-13,1017475
Pennsylvania,,2021-01-14,1065300
Pennsylvania,,2021-01-15,1075350
Pennsylvania,,2021-01-19,1075350
Pennsylvania,,2021-01-20,1223250
Pennsylvania,,2021-01-21,1344375
Pennsylvania,,2021-01-22,1465850
Pennsylvania,,2021-01-23,1564125
Pennsylvania,,2021-01-24,1564125
Pennsylvania,,2021-01-25,1564125
Pennsylvania,,2021-01-26,1636675
Pennsylvania,,2021-01-27,1817925
Pennsylvania,,2021-01-28,1915350
Pennsylvania,,2021-01-29,1973775
Pennsylvania,,2021-01-30,1976925
Pennsylvania,,2021-01-31,1976925
Pennsylvania,,2021-02-01,1976925
Pennsylvania,,2021-02-02,1987200
Pennsylvania,,2021-02-03,2143150
Pennsylvania,,2021-02-04,2203850
Pennsylvania,,2021-02-05,2292500
Pennsylvania,,2021-02-06,2292500
Pennsylvania,,2021-02-07,2292500
Pennsylvania,,2021-02-08,2292500
Pennsylvania,,2021-02-09,2322875
Pennsylvania,,2021-02-10,2437975
Pennsylvania,,2021-02-11,2540475
Pennsylvania,,2021-02-12,2592850
Pennsylvania,,2021-02-13,2682600
Pennsylvania,,2021-02-14,2689425
Pennsylvania,,2021-02-16,2711550
Pennsylvania,,2021-02-17,2717400
Pennsylvania,,2021-02-18,2731050
Pennsylvania,,2021-02-19,2989725
Pennsylvania,,2021-02-20,2989725
Pennsylvania,,2021-02-21,2989725
Pennsylvania,,2021-02-22,2989725
Pennsylvania,,2021-02-23,3268605
Pennsylvania,,2021-02-24,3493465
Pennsylvania,,2021-02-25,3647105
Pennsylvania,,2021-02-26,3806965
Pennsylvania,,2021-02-27,3915545
Pennsylvania,,2021-02-28,3915545
Pennsylvania,,2021-03-01,3915545
Pennsylvania,,2021-03-02,4025115
Pennsylvania,,2021-03-03,4280055
Pennsylvania,,2021-03-04,4332465
Puerto Rico,PRI,2021-01-12,277200
Puerto Rico,PRI,2021-01-13,305475
Puerto Rico,PRI,2021-01-14,305475
Puerto Rico,PRI,2021-01-15,311325
Puerto Rico,PRI,2021-01-19,311325
Puerto Rico,PRI,2021-01-20,312450
Puerto Rico,PRI,2021-01-21,327950
Puerto Rico,PRI,2021-01-22,337350
Puerto Rico,PRI,2021-01-23,371550
Puerto Rico,PRI,2021-01-24,371550
Puerto Rico,PRI,2021-01-25,371550
Puerto Rico,PRI,2021-01-26,416900
Puerto Rico,PRI,2021-01-27,506425
Puerto Rico,PRI,2021-01-28,525000
Puerto Rico,PRI,2021-01-29,530850
Puerto Rico,PRI,2021-01-30,530950
Puerto Rico,PRI,2021-01-31,530950
Puerto Rico,PRI,2021-02-01,530950
Puerto Rico,PRI,2021-02-02,535525
Puerto Rico,PRI,2021-02-03,605425
Puerto Rico,PRI,2021-02-04,621025
Puerto Rico,PRI,2021-02-05,623325
Puerto Rico,PRI,2021-02-06,624025
Puerto Rico,PRI,2021-02-07,624025
Puerto Rico,PRI,2021-02-08,624025
Puerto Rico,PRI,2021-02-09,630850
Puerto Rico,PRI,2021-02-10,651350
Puerto Rico,PRI,2021-02-11,706500
Puerto Rico,PRI,2021-02-12,706600
Puerto Rico,PRI,2021-02-13,706800
Puerto Rico,PRI,2021-02-14,706800
Puerto Rico,PRI,2021-02-16,716800
Puerto Rico,PRI,2021-02-17,716800
Puerto Rico,PRI,2021-02-18,733200
Puerto Rico,PRI,2021-02-19,764700
Puerto Rico,PRI,2021-02-20,806625
Puerto Rico,PRI,2021-02-21,806625
Puerto Rico,PRI,2021-02-22,806625
Puerto Rico,PRI,2021-02-23,813170
Puerto Rico,PRI,2021-02-24,922600
Puerto Rico,PRI,2021-02-25,971910
Puerto Rico,PRI,2021-02-26,995210
Puerto Rico,PRI,2021-02-27,1036820
Puerto Rico,PRI,2021-02-28,1036820
Puerto Rico,PRI,2021-03-01,1036820
Puerto Rico,PRI,2021-03-02,1056070
Puerto Rico,PRI,2021-03-03,1135850
Puerto Rico,PRI,2021-03-04,1172550
Republic of Palau,,2021-01-12,6000
Republic of Palau,,2021-01-13,6000
Republic of Palau,,2021-01-14,6000
Republic of Palau,,2021-01-15,6000
Republic of Palau,,2021-01-19,6000
Republic of Palau,,2021-01-20,6000
Republic of Palau,,2021-01-21,6000
Republic of Palau,,2021-01-22,6000
Republic of Palau,,2021-01-23,6000
Republic of Palau,,2021-01-24,6000
Republic of Palau,,2021-01-25,6000
Republic of Palau,,2021-01-26,6000
Republic of Palau,,2021-01-27,6000
Republic of Palau,,2021-01-28,6000
Republic of Palau,,2021-01-29,6000
Republic of Palau,,2021-01-30,6000
Republic of Palau,,2021-01-31,6000
Republic of Palau,,2021-02-01,6000
Republic of Palau,,2021-02-02,6000
Republic of Palau,,2021-02-03,6000
Republic of Palau,,2021-02-04,6000
Republic of Palau,,2021-02-05,6000
Republic of Palau,,2021-02-06,6000
Republic of Palau,,2021-02-07,9200
Republic of Palau,,2021-02-08,9200
Republic of Palau,,2021-02-09,9200
Republic of Palau,,2021-02-10,9200
Republic of Palau,,2021-02-11,9200
Republic of Palau,,2021-02-12,9200
Republic of Palau,,2021-02-13,9200
Republic of Palau,,2021-02-14,9200
Republic of Palau,,2021-02-16,9200
Republic of Palau,,2021-02-17,9200
Republic of Palau,,2021-02-18,9200
Republic of Palau,,2021-02-19,9200
Republic of Palau,,2021-02-20,9200
Republic of Palau,,2021-02-21,9200
Republic of Palau,,2021-02-22,9200
Republic of Palau,,2021-02-23,9200
Republic of Palau,,2021-02-24,9200
Republic of Palau,,2021-02-25,9200
Republic of Palau,,2021-02-26,9200
Republic of Palau,,2021-02-27,9200
Republic of Palau,,2021-02-28,9200
Republic of Palau,,2021-03-01,9200
Republic of Palau,,2021-03-02,14600
Republic of Palau,,2021-03-03,14600
Republic of Palau,,2021-03-04,14600
Rhode Island,,2021-01-12,80225
Rhode Island,,2021-01-13,82175
Rhode Island,,2021-01-14,84125
Rhode Island,,2021-01-15,108425
Rhode Island,,2021-01-19,108425
Rhode Island,,2021-01-20,122575
Rhode Island,,2021-01-21,127450
Rhode Island,,2021-01-22,136225
Rhode Island,,2021-01-23,149225
Rhode Island,,2021-01-24,149225
Rhode Island,,2021-01-25,149225
Rhode Island,,2021-01-26,151675
Rhode Island,,2021-01-27,151675
Rhode Island,,2021-01-28,153625
Rhode Island,,2021-01-29,157525
Rhode Island,,2021-01-30,173225
Rhode Island,,2021-01-31,173225
Rhode Island,,2021-02-01,173225
Rhode Island,,2021-02-02,176150
Rhode Island,,2021-02-03,176650
Rhode Island,,2021-02-04,178600
Rhode Island,,2021-02-05,178600
Rhode Island,,2021-02-06,192300
Rhode Island,,2021-02-07,192300
Rhode Island,,2021-02-08,192300
Rhode Island,,2021-02-09,207950
Rhode Island,,2021-02-10,208350
Rhode Island,,2021-02-11,211650
Rhode Island,,2021-02-12,211850
Rhode Island,,2021-02-13,228650
Rhode Island,,2021-02-14,228650
Rhode Island,,2021-02-16,234500
Rhode Island,,2021-02-17,234500
Rhode Island,,2021-02-18,234500
Rhode Island,,2021-02-19,246175
Rhode Island,,2021-02-20,246175
Rhode Island,,2021-02-21,246175
Rhode Island,,2021-02-22,246175
Rhode Island,,2021-02-23,272255
Rhode Island,,2021-02-24,292365
Rhode Island,,2021-02-25,300805
Rhode Island,,2021-02-26,304145
Rhode Island,,2021-02-27,308415
Rhode Island,,2021-02-28,308415
Rhode Island,,2021-03-01,308415
Rhode Island,,2021-03-02,350915
Rhode Island,,2021-03-03,351515
Rhode Island,,2021-03-04,354585
South Carolina,,2021-01-12,315950
South Carolina,,2021-01-13,317450
South Carolina,,2021-01-14,346150
South Carolina,,2021-01-15,350550
South Carolina,,2021-01-19,350550
South Carolina,,2021-01-20,437675
South Carolina,,2021-01-21,443375
South Carolina,,2021-01-22,453150
South Carolina,,2021-01-23,453250
South Carolina,,2021-01-24,453250
South Carolina,,2021-01-25,453250
South Carolina,,2021-01-26,519600
South Carolina,,2021-01-27,548250
South Carolina,,2021-01-28,548750
South Carolina,,2021-01-29,558050
South Carolina,,2021-01-30,560150
South Carolina,,2021-01-31,560150
South Carolina,,2021-02-01,560150
South Carolina,,2021-02-02,659950
South Carolina,,2021-02-03,682700
South Carolina,,2021-02-04,683600
South Carolina,,2021-02-05,684700
South Carolina,,2021-02-06,684700
South Carolina,,2021-02-07,684700
South Carolina,,2021-02-08,684700
South Carolina,,2021-02-09,712325
South Carolina,,2021-02-10,732700
South Carolina,,2021-02-11,779500
South Carolina,,2021-02-12,826950
South Carolina,,2021-02-13,891450
South Carolina,,2021-02-14,891650
South Carolina,,2021-02-16,926750
South Carolina,,2021-02-17,939350
South Carolina,,2021-02-18,939350
South Carolina,,2021-02-19,1064775
South Carolina,,2021-02-20,1066275
South Carolina,,2021-02-21,1066275
South Carolina,,2021-02-22,1066275
South Carolina,,2021-02-23,1122765
South Carolina,,2021-02-24,1197015
South Carolina,,2021-02-25,1291305
South Carolina,,2021-02-26,1294405
South Carolina,,2021-02-27,1339205
South Carolina,,2021-02-28,1339205
South Carolina,,2021-03-01,1339205
South Carolina,,2021-03-02,1482565
South Carolina,,2021-03-03,1489675
South Carolina,,2021-03-04,1541005
South Dakota,,2021-01-12,83500
South Dakota,,2021-01-13,88375
South Dakota,,2021-01-14,88375
South Dakota,,2021-01-15,93675
South Dakota,,2021-01-19,93675
South Dakota,,2021-01-20,95825
South Dakota,,2021-01-21,99300
South Dakota,,2021-01-22,100275
South Dakota,,2021-01-23,106575
South Dakota,,2021-01-24,106575
South Dakota,,2021-01-25,106575
South Dakota,,2021-01-26,117725
South Dakota,,2021-01-27,122825
South Dakota,,2021-01-28,123800
South Dakota,,2021-01-29,123800
South Dakota,,2021-01-30,130700
South Dakota,,2021-01-31,130700
South Dakota,,2021-02-01,130700
South Dakota,,2021-02-02,142500
South Dakota,,2021-02-03,147600
South Dakota,,2021-02-04,153450
South Dakota,,2021-02-05,153450
South Dakota,,2021-02-06,161150
South Dakota,,2021-02-07,161150
South Dakota,,2021-02-08,161150
South Dakota,,2021-02-09,167975
South Dakota,,2021-02-10,173275
South Dakota,,2021-02-11,181725
South Dakota,,2021-02-12,182025
South Dakota,,2021-02-13,182025
South Dakota,,2021-02-14,182025
South Dakota,,2021-02-16,189250
South Dakota,,2021-02-17,189250
South Dakota,,2021-02-18,197050
South Dakota,,2021-02-19,262800
South Dakota,,2021-02-20,266970
South Dakota,,2021-02-21,266970
South Dakota,,2021-02-22,266970
South Dakota,,2021-02-23,278670
South Dakota,,2021-02-24,298240
South Dakota,,2021-02-25,309130
South Dakota,,2021-02-26,319230
South Dakota,,2021-02-27,329300
South Dakota,,2021-02-28,329300
South Dakota,,2021-03-01,329300
South Dakota,,2021-03-02,341900
South Dakota,,2021-03-03,357250
South Dakota,,2021-03-04,376770
Tennessee,,2021-01-12,485800
Tennessee,,2021-01-13,598000
Tennessee,,2021-01-14,656550
Tennessee,,2021-01-15,657550
Tennessee,,2021-01-19,657550
Tennessee,,2021-01-20,672825
Tennessee,,2021-01-21,723825
Tennessee,,2021-01-22,798450
Tennessee,,2021-01-23,838825
Tennessee,,2021-01-24,838825
Tennessee,,2021-01-25,838825
Tennessee,,2021-01-26,838925
Tennessee,,2021-01-27,886225
Tennessee,,2021-01-28,939650
Tennessee,,2021-01-29,953600
Tennessee,,2021-01-30,998875
Tennessee,,2021-01-31,998875
Tennessee,,2021-02-01,998875
Tennessee,,2021-02-02,990975
Tennessee,,2021-02-03,1043575
Tennessee,,2021-02-04,1090300
Tennessee,,2021-02-05,1108925
Tennessee,,2021-02-06,1156975
Tennessee,,2021-02-07,1156975
Tennessee,,2021-02-08,1156975
Tennessee,,2021-02-09,1157375
Tennessee,,2021-02-10,1225075
Tennessee,,2021-02-11,1295675
Tennessee,,2021-02-12,1331775
Tennessee,,2021-02-13,1357425
Tennessee,,2021-02-14,1361700
Tennessee,,2021-02-16,1385925
Tennessee,,2021-02-17,1404675
Tennessee,,2021-02-18,1410500
Tennessee,,2021-02-19,1466450
Tennessee,,2021-02-20,1477175
Tennessee,,2021-02-21,1478150
Tennessee,,2021-02-22,1478150
Tennessee,,2021-02-23,1562170
Tennessee,,2021-02-24,1774540
Tennessee,,2021-02-25,1787250
Tennessee,,2021-02-26,1877820
Tennessee,,2021-02-27,1965740
Tennessee,,2021-02-28,1965740
Tennessee,,2021-03-01,1965740
Tennessee,,2021-03-02,1974990
Tennessee,,2021-03-03,2043160
Tennessee,,2021-03-04,2147660
Texas,,2021-01-12,1949125
Texas,,2021-01-13,1984225
Texas,,2021-01-14,2105600
Texas,,2021-01-15,2105600
Texas,,2021-01-19,2105600
Texas,,2021-01-20,2551125
Texas,,2021-01-21,2754800
Texas,,2021-01-22,2884425
Texas,,2021-01-23,3070825
Texas,,2021-01-24,3070825
Texas,,2021-01-25,3070825
Texas,,2021-01-26,3342350
Texas,,2021-01-27,3505450
Texas,,2021-01-28,3513450
Texas,,2021-01-29,3659550
Texas,,2021-01-30,3659550
Texas,,2021-01-31,3659550
Texas,,2021-02-01,3659550
Texas,,2021-02-02,4092150
Texas,,2021-02-03,4214900
Texas,,2021-02-04,4232675
Texas,,2021-02-05,4244375
Texas,,2021-02-06,4402275
Texas,,2021-02-07,4402275
Texas,,2021-02-08,4402275
Texas,,2021-02-09,4594050
Texas,,2021-02-10,5010525
Texas,,2021-02-11,5091325
Texas,,2021-02-12,5095175
Texas,,2021-02-13,5098825
Texas,,2021-02-14,5099325
Texas,,2021-02-16,5112975
Texas,,2021-02-17,5113175
Texas,,2021-02-18,5258675
Texas,,2021-02-19,5520100
Texas,,2021-02-20,5602100
Texas,,2021-02-21,5652800
Texas,,2021-02-22,5652800
Texas,,2021-02-23,6151450
Texas,,2021-02-24,7191395
Texas,,2021-02-25,7380615
Texas,,2021-02-26,7419305
Texas,,2021-02-27,7615175
Texas,,2021-02-28,7615175
Texas,,2021-03-01,7615175
Texas,,2021-03-02,8234755
Texas,,2021-03-03,8709955
Texas,,2021-03-04,8839175
United States,USA,2021-01-12,27696150
United States,USA,2021-01-13,29380125
United States,USA,2021-01-14,30628175
United States,USA,2021-01-15,31161075
United States,USA,2021-01-19,31161075
United States,USA,2021-01-20,35990150
United States,USA,2021-01-21,37960000
United States,USA,2021-01-22,39892400
United States,USA,2021-01-23,41411550
United States,USA,2021-01-24,41411550
United States,USA,2021-01-25,41418325
United States,USA,2021-01-26,44394075
United States,USA,2021-01-27,47230950
United States,USA,2021-01-28,48386275
United States,USA,2021-01-29,49216500
United States,USA,2021-01-30,49932850
United States,USA,2021-01-31,49933250
United States,USA,2021-02-01,49936450
United States,USA,2021-02-02,52657675
United States,USA,2021-02-03,55943800
United States,USA,2021-02-04,57489675
United States,USA,2021-02-05,58380300
United States,USA,2021-02-06,59304600
United States,USA,2021-02-07,59307800
United States,USA,2021-02-08,59307800
United States,USA,2021-02-09,62898775
United States,USA,2021-02-10,65972575
United States,USA,2021-02-11,68285575
United States,USA,2021-02-12,69014725
United States,USA,2021-02-13,69883625
United States,USA,2021-02-14,70057800
United States,USA,2021-02-16,71657975
United States,USA,2021-02-17,72423125
United States,USA,2021-02-18,73377450
United States,USA,2021-02-19,78152495
United States,USA,2021-02-20,74979165
United States,USA,2021-02-21,75204965
United States,USA,2021-02-22,75205940
United States,USA,2021-02-23,82114370
United States,USA,2021-02-24,88669035
United States,USA,2021-02-25,91673010
United States,USA,2021-02-26,94300910
United States,USA,2021-02-27,96402290
United States,USA,2021-02-28,96402490
United States,USA,2021-03-01,96402490
United States,USA,2021-03-02,102353940
United States,USA,2021-03-03,107028890
United States,USA,2021-03-04,109905530
Utah,,2021-01-12,256275
Utah,,2021-01-13,266025
Utah,,2021-01-14,267975
Utah,,2021-01-15,268175
Utah,,2021-01-19,268175
Utah,,2021-01-20,319700
Utah,,2021-01-21,337825
Utah,,2021-01-22,341725
Utah,,2021-01-23,341725
Utah,,2021-01-24,341725
Utah,,2021-01-25,341725
Utah,,2021-01-26,374850
Utah,,2021-01-27,394250
Utah,,2021-01-28,399425
Utah,,2021-01-29,401375
Utah,,2021-01-30,401375
Utah,,2021-01-31,401375
Utah,,2021-02-01,401375
Utah,,2021-02-02,427225
Utah,,2021-02-03,471575
Utah,,2021-02-04,492450
Utah,,2021-02-05,493425
Utah,,2021-02-06,493525
Utah,,2021-02-07,493525
Utah,,2021-02-08,493525
Utah,,2021-02-09,531875
Utah,,2021-02-10,554050
Utah,,2021-02-11,579600
Utah,,2021-02-12,579700
Utah,,2021-02-13,579700
Utah,,2021-02-14,579700
Utah,,2021-02-16,604675
Utah,,2021-02-17,605650
Utah,,2021-02-18,618325
Utah,,2021-02-19,657150
Utah,,2021-02-20,658750
Utah,,2021-02-21,658750
Utah,,2021-02-22,658750
Utah,,2021-02-23,723510
Utah,,2021-02-24,759020
Utah,,2021-02-25,787680
Utah,,2021-02-26,816550
Utah,,2021-02-27,820950
Utah,,2021-02-28,820950
Utah,,2021-03-01,820950
Utah,,2021-03-02,879350
Utah,,2021-03-03,911620
Utah,,2021-03-04,953380
Vermont,,2021-01-12,64925
Vermont,,2021-01-13,69800
Vermont,,2021-01-14,69800
Vermont,,2021-01-15,74000
Vermont,,2021-01-19,74000
Vermont,,2021-01-20,75950
Vermont,,2021-01-21,78875
Vermont,,2021-01-22,84825
Vermont,,2021-01-23,90000
Vermont,,2021-01-24,90000
Vermont,,2021-01-25,90000
Vermont,,2021-01-26,92925
Vermont,,2021-01-27,96825
Vermont,,2021-01-28,98775
Vermont,,2021-01-29,99750
Vermont,,2021-01-30,99750
Vermont,,2021-01-31,99750
Vermont,,2021-02-01,99750
Vermont,,2021-02-02,109825
Vermont,,2021-02-03,113625
Vermont,,2021-02-04,116075
Vermont,,2021-02-05,116075
Vermont,,2021-02-06,116075
Vermont,,2021-02-07,116075
Vermont,,2021-02-08,116075
Vermont,,2021-02-09,129875
Vermont,,2021-02-10,134075
Vermont,,2021-02-11,137925
Vermont,,2021-02-12,138025
Vermont,,2021-02-13,138025
Vermont,,2021-02-14,138025
Vermont,,2021-02-16,147425
Vermont,,2021-02-17,150375
Vermont,,2021-02-18,151350
Vermont,,2021-02-19,159650
Vermont,,2021-02-20,159650
Vermont,,2021-02-21,163550
Vermont,,2021-02-22,163550
Vermont,,2021-02-23,178620
Vermont,,2021-02-24,194760
Vermont,,2021-02-25,205810
Vermont,,2021-02-26,206910
Vermont,,2021-02-27,206910
Vermont,,2021-02-28,206910
Vermont,,2021-03-01,206910
Vermont,,2021-03-02,227350
Vermont,,2021-03-03,230850
Vermont,,2021-03-04,246000
Veterans Health,,2021-01-12,885950
Veterans Health,,2021-01-13,941525
Veterans Health,,2021-01-14,941925
Veterans Health,,2021-01-15,994425
Veterans Health,,2021-01-19,994425
Veterans Health,,2021-01-20,1048050
Veterans Health,,2021-01-21,1100725
Veterans Health,,2021-01-22,1150825
Veterans Health,,2021-01-23,1151525
Veterans Health,,2021-01-24,1151525
Veterans Health,,2021-01-25,1151525
Veterans Health,,2021-01-26,1260325
Veterans Health,,2021-01-27,1312125
Veterans Health,,2021-01-28,1367700
Veterans Health,,2021-01-29,1367700
Veterans Health,,2021-01-30,1367700
Veterans Health,,2021-01-31,1367700
Veterans Health,,2021-02-01,1367700
Veterans Health,,2021-02-02,1491725
Veterans Health,,2021-02-03,1543525
Veterans Health,,2021-02-04,1598925
Veterans Health,,2021-02-05,1600425
Veterans Health,,2021-02-06,1733525
Veterans Health,,2021-02-07,1733525
Veterans Health,,2021-02-08,1733525
Veterans Health,,2021-02-09,1929100
Veterans Health,,2021-02-10,1986425
Veterans Health,,2021-02-11,2042525
Veterans Health,,2021-02-12,2042525
Veterans Health,,2021-02-13,2042525
Veterans Health,,2021-02-14,2042525
Veterans Health,,2021-02-16,2048375
Veterans Health,,2021-02-17,2080550
Veterans Health,,2021-02-18,2111750
Veterans Health,,2021-02-19,2125400
Veterans Health,,2021-02-20,2185950
Veterans Health,,2021-02-21,2186925
Veterans Health,,2021-02-22,2186925
Veterans Health,,2021-02-23,2384285
Veterans Health,,2021-02-24,2459785
Veterans Health,,2021-02-25,2595905
Veterans Health,,2021-02-26,2595905
Veterans Health,,2021-02-27,2597405
Veterans Health,,2021-02-28,2597405
Veterans Health,,2021-03-01,2597405
Veterans Health,,2021-03-02,2770485
Veterans Health,,2021-03-03,2779685
Veterans Health,,2021-03-04,3191805
Virgin Islands,,2021-01-12,9175
Virgin Islands,,2021-01-13,9575
Virgin Islands,,2021-01-14,10750
Virgin Islands,,2021-01-15,11825
Virgin Islands,,2021-01-19,11825
Virgin Islands,,2021-01-20,12325
Virgin Islands,,2021-01-21,13325
Virgin Islands,,2021-01-22,13525
Virgin Islands,,2021-01-23,13525
Virgin Islands,,2021-01-24,13525
Virgin Islands,,2021-01-25,14500
Virgin Islands,,2021-01-26,15700
Virgin Islands,,2021-01-27,16875
Virgin Islands,,2021-01-28,17075
Virgin Islands,,2021-01-29,17075
Virgin Islands,,2021-01-30,17075
Virgin Islands,,2021-01-31,17075
Virgin Islands,,2021-02-01,17075
Virgin Islands,,2021-02-02,20325
Virgin Islands,,2021-02-03,20325
Virgin Islands,,2021-02-04,20625
Virgin Islands,,2021-02-05,20625
Virgin Islands,,2021-02-06,20625
Virgin Islands,,2021-02-07,20625
Virgin Islands,,2021-02-08,20625
Virgin Islands,,2021-02-09,21525
Virgin Islands,,2021-02-10,24275
Virgin Islands,,2021-02-11,25450
Virgin Islands,,2021-02-12,26425
Virgin Islands,,2021-02-13,26425
Virgin Islands,,2021-02-14,26425
Virgin Islands,,2021-02-16,26425
Virgin Islands,,2021-02-17,26425
Virgin Islands,,2021-02-18,26425
Virgin Islands,,2021-02-19,26425
Virgin Islands,,2021-02-20,26425
Virgin Islands,,2021-02-21,26425
Virgin Islands,,2021-02-22,26425
Virgin Islands,,2021-02-23,28825
Virgin Islands,,2021-02-24,29525
Virgin Islands,,2021-02-25,36080
Virgin Islands,,2021-02-26,36080
Virgin Islands,,2021-02-27,36080
Virgin Islands,,2021-02-28,36080
Virgin Islands,,2021-03-01,36080
Virgin Islands,,2021-03-02,37680
Virgin Islands,,2021-03-03,38080
Virgin Islands,,2021-03-04,38080
Virginia,,2021-01-12,797150
Virginia,,2021-01-13,845900
Virginia,,2021-01-14,852725
Virginia,,2021-01-15,852725
Virginia,,2021-01-19,852725
Virginia,,2021-01-20,962900
Virginia,,2021-01-21,992375
Virginia,,2021-01-22,1067775
Virginia,,2021-01-23,1069725
Virginia,,2021-01-24,1069725
Virginia,,2021-01-25,1069725
Virginia,,2021-01-26,1172375
Virginia,,2021-01-27,1179550
Virginia,,2021-01-28,1171750
Virginia,,2021-01-29,1186375
Virginia,,2021-01-30,1232350
Virginia,,2021-01-31,1232350
Virginia,,2021-02-01,1232350
Virginia,,2021-02-02,1306800
Virginia,,2021-02-03,1370975
Virginia,,2021-02-04,1381375
Virginia,,2021-02-05,1387775
Virginia,,2021-02-06,1387775
Virginia,,2021-02-07,1387775
Virginia,,2021-02-08,1387775
Virginia,,2021-02-09,1544150
Virginia,,2021-02-10,1559275
Virginia,,2021-02-11,1589875
Virginia,,2021-02-12,1590575
Virginia,,2021-02-13,1596425
Virginia,,2021-02-14,1596425
Virginia,,2021-02-16,1648500
Virginia,,2021-02-17,1714800
Virginia,,2021-02-18,1714800
Virginia,,2021-02-19,1942700
Virginia,,2021-02-20,1948550
Virginia,,2021-02-21,1949525
Virginia,,2021-02-22,1949525
Virginia,,2021-02-23,2283165
Virginia,,2021-02-24,2360275
Virginia,,2021-02-25,2368825
Virginia,,2021-02-26,2428885
Virginia,,2021-02-27,2536495
Virginia,,2021-02-28,2536495
Virginia,,2021-03-01,2536495
Virginia,,2021-03-02,2735305
Virginia,,2021-03-03,2762975
Virginia,,2021-03-04,2784575
Washington,,2021-01-12,567725
Washington,,2021-01-13,572600
Washington,,2021-01-14,655575
Washington,,2021-01-15,696175
Washington,,2021-01-19,696175
Washington,,2021-01-20,805000
Washington,,2021-01-21,820875
Washington,,2021-01-22,829950
Washington,,2021-01-23,846625
Washington,,2021-01-24,846625
Washington,,2021-01-25,846625
Washington,,2021-01-26,960800
Washington,,2021-01-27,981050
Washington,,2021-01-28,1003550
Washington,,2021-01-29,1005500
Washington,,2021-01-30,1031400
Washington,,2021-01-31,1031400
Washington,,2021-02-01,1031400
Washington,,2021-02-02,1129025
Washington,,2021-02-03,1163675
Washington,,2021-02-04,1168625
Washington,,2021-02-05,1172525
Washington,,2021-02-06,1208600
Washington,,2021-02-07,1208600
Washington,,2021-02-08,1208600
Washington,,2021-02-09,1364750
Washington,,2021-02-10,1405100
Washington,,2021-02-11,1429050
Washington,,2021-02-12,1437825
Washington,,2021-02-13,1437825
Washington,,2021-02-14,1437825
Washington,,2021-02-16,1453425
Washington,,2021-02-17,1500225
Washington,,2021-02-18,1500325
Washington,,2021-02-19,1601125
Washington,,2021-02-20,1619340
Washington,,2021-02-21,1619340
Washington,,2021-02-22,1619340
Washington,,2021-02-23,1920320
Washington,,2021-02-24,2013420
Washington,,2021-02-25,2094570
Washington,,2021-02-26,2166300
Washington,,2021-02-27,2245010
Washington,,2021-02-28,2245010
Washington,,2021-03-01,2245010
Washington,,2021-03-02,2443300
Washington,,2021-03-03,2517210
Washington,,2021-03-04,2572750
West Virginia,,2021-01-12,160975
West Virginia,,2021-01-13,160975
West Virginia,,2021-01-14,160975
West Virginia,,2021-01-15,205475
West Virginia,,2021-01-19,205475
West Virginia,,2021-01-20,231800
West Virginia,,2021-01-21,231800
West Virginia,,2021-01-22,231800
West Virginia,,2021-01-23,243100
West Virginia,,2021-01-24,243100
West Virginia,,2021-01-25,243100
West Virginia,,2021-01-26,278400
West Virginia,,2021-01-27,278400
West Virginia,,2021-01-28,278400
West Virginia,,2021-01-29,278400
West Virginia,,2021-01-30,305200
West Virginia,,2021-01-31,305200
West Virginia,,2021-02-01,305200
West Virginia,,2021-02-02,325100
West Virginia,,2021-02-03,328600
West Virginia,,2021-02-04,328600
West Virginia,,2021-02-05,328600
West Virginia,,2021-02-06,357000
West Virginia,,2021-02-07,357000
West Virginia,,2021-02-08,357000
West Virginia,,2021-02-09,380400
West Virginia,,2021-02-10,380400
West Virginia,,2021-02-11,387400
West Virginia,,2021-02-12,387700
West Virginia,,2021-02-13,395600
West Virginia,,2021-02-14,395600
West Virginia,,2021-02-16,429800
West Virginia,,2021-02-17,441500
West Virginia,,2021-02-18,441500
West Virginia,,2021-02-19,481225
West Virginia,,2021-02-20,481225
West Virginia,,2021-02-21,481225
West Virginia,,2021-02-22,481225
West Virginia,,2021-02-23,512865
West Virginia,,2021-02-24,556135
West Virginia,,2021-02-25,568255
West Virginia,,2021-02-26,571155
West Virginia,,2021-02-27,605255
West Virginia,,2021-02-28,605255
West Virginia,,2021-03-01,605255
West Virginia,,2021-03-02,644595
West Virginia,,2021-03-03,652465
West Virginia,,2021-03-04,659465
Wisconsin,,2021-01-12,429500
Wisconsin,,2021-01-13,435900
Wisconsin,,2021-01-14,437900
Wisconsin,,2021-01-15,437900
Wisconsin,,2021-01-19,437900
Wisconsin,,2021-01-20,538325
Wisconsin,,2021-01-21,577325
Wisconsin,,2021-01-22,597225
Wisconsin,,2021-01-23,610100
Wisconsin,,2021-01-24,610100
Wisconsin,,2021-01-25,610100
Wisconsin,,2021-01-26,685100
Wisconsin,,2021-01-27,790400
Wisconsin,,2021-01-28,793050
Wisconsin,,2021-01-29,793750
Wisconsin,,2021-01-30,795050
Wisconsin,,2021-01-31,795050
Wisconsin,,2021-02-01,795050
Wisconsin,,2021-02-02,900250
Wisconsin,,2021-02-03,922900
Wisconsin,,2021-02-04,925800
Wisconsin,,2021-02-05,926300
Wisconsin,,2021-02-06,926300
Wisconsin,,2021-02-07,926300
Wisconsin,,2021-02-08,926300
Wisconsin,,2021-02-09,1045950
Wisconsin,,2021-02-10,1059200
Wisconsin,,2021-02-11,1080700
Wisconsin,,2021-02-12,1080800
Wisconsin,,2021-02-13,1082100
Wisconsin,,2021-02-14,1082100
Wisconsin,,2021-02-16,1223525
Wisconsin,,2021-02-17,1238725
Wisconsin,,2021-02-18,1243125
Wisconsin,,2021-02-19,1300325
Wisconsin,,2021-02-20,1301825
Wisconsin,,2021-02-21,1301825
Wisconsin,,2021-02-22,1301825
Wisconsin,,2021-02-23,1401205
Wisconsin,,2021-02-24,1447395
Wisconsin,,2021-02-25,1579565
Wisconsin,,2021-02-26,1588265
Wisconsin,,2021-02-27,1588665
Wisconsin,,2021-02-28,1588665
Wisconsin,,2021-03-01,1588665
Wisconsin,,2021-03-02,1814215
Wisconsin,,2021-03-03,1863155
Wisconsin,,2021-03-04,1876225
Wyoming,,2021-01-12,47800
Wyoming,,2021-01-13,57800
Wyoming,,2021-01-14,58775
Wyoming,,2021-01-15,58775
Wyoming,,2021-01-19,58775
Wyoming,,2021-01-20,62575
Wyoming,,2021-01-21,67450
Wyoming,,2021-01-22,69650
Wyoming,,2021-01-23,70750
Wyoming,,2021-01-24,70750
Wyoming,,2021-01-25,70750
Wyoming,,2021-01-26,71725
Wyoming,,2021-01-27,82825
Wyoming,,2021-01-28,82825
Wyoming,,2021-01-29,85750
Wyoming,,2021-01-30,85750
Wyoming,,2021-01-31,85750
Wyoming,,2021-02-01,85750
Wyoming,,2021-02-02,89450
Wyoming,,2021-02-03,97750
Wyoming,,2021-02-04,97750
Wyoming,,2021-02-05,101650
Wyoming,,2021-02-06,101650
Wyoming,,2021-02-07,101650
Wyoming,,2021-02-08,101650
Wyoming,,2021-02-09,113175
Wyoming,,2021-02-10,117475
Wyoming,,2021-02-11,118875
Wyoming,,2021-02-12,122000
Wyoming,,2021-02-13,122000
Wyoming,,2021-02-14,122200
Wyoming,,2021-02-16,122200
Wyoming,,2021-02-17,127075
Wyoming,,2021-02-18,127075
Wyoming,,2021-02-19,150005
Wyoming,,2021-02-20,150905
Wyoming,,2021-02-21,150905
Wyoming,,2021-02-22,150905
Wyoming,,2021-02-23,167025
Wyoming,,2021-02-24,172465
Wyoming,,2021-02-25,183065
Wyoming,,2021-02-26,194055
Wyoming,,2021-02-27,195855
Wyoming,,2021-02-28,195855
Wyoming,,2021-03-01,195855
Wyoming,,2021-03-02,211415
Wyoming,,2021-03-03,217215
Wyoming,,2021-03-04,224885